year,grid_x,grid_y,sample_step_minutes,x_index,y_index,x_ft,y_ft,annual_sun_hours,avg_daily_sun_hours
2026,30,54,15,0,0,-7.250,-13.250,0.00,0.000
2026,30,54,15,1,0,-6.750,-13.250,0.00,0.000
2026,30,54,15,2,0,-6.250,-13.250,0.00,0.000
2026,30,54,15,3,0,-5.750,-13.250,0.00,0.000
2026,30,54,15,4,0,-5.250,-13.250,0.00,0.000
2026,30,54,15,5,0,-4.750,-13.250,0.00,0.000
2026,30,54,15,6,0,-4.250,-13.250,0.00,0.000
2026,30,54,15,7,0,-3.750,-13.250,0.00,0.000
2026,30,54,15,8,0,-3.250,-13.250,0.00,0.000
2026,30,54,15,9,0,-2.750,-13.250,0.00,0.000
2026,30,54,15,10,0,-2.250,-13.250,0.00,0.000
2026,30,54,15,11,0,-1.750,-13.250,0.00,0.000
2026,30,54,15,12,0,-1.250,-13.250,0.00,0.000
2026,30,54,15,13,0,-0.750,-13.250,0.00,0.000
2026,30,54,15,14,0,-0.250,-13.250,0.00,0.000
2026,30,54,15,15,0,0.250,-13.250,0.00,0.000
2026,30,54,15,16,0,0.750,-13.250,0.00,0.000
2026,30,54,15,17,0,1.250,-13.250,0.00,0.000
2026,30,54,15,18,0,1.750,-13.250,0.00,0.000
2026,30,54,15,19,0,2.250,-13.250,0.00,0.000
2026,30,54,15,20,0,2.750,-13.250,0.00,0.000
2026,30,54,15,21,0,3.250,-13.250,0.00,0.000
2026,30,54,15,22,0,3.750,-13.250,0.00,0.000
2026,30,54,15,23,0,4.250,-13.250,0.00,0.000
2026,30,54,15,24,0,4.750,-13.250,0.00,0.000
2026,30,54,15,25,0,5.250,-13.250,0.00,0.000
2026,30,54,15,26,0,5.750,-13.250,0.00,0.000
2026,30,54,15,27,0,6.250,-13.250,0.00,0.000
2026,30,54,15,28,0,6.750,-13.250,0.00,0.000
2026,30,54,15,29,0,7.250,-13.250,0.00,0.000
2026,30,54,15,0,1,-7.250,-12.750,0.00,0.000
2026,30,54,15,1,1,-6.750,-12.750,0.00,0.000
2026,30,54,15,2,1,-6.250,-12.750,0.00,0.000
2026,30,54,15,3,1,-5.750,-12.750,0.00,0.000
2026,30,54,15,4,1,-5.250,-12.750,0.00,0.000
2026,30,54,15,5,1,-4.750,-12.750,0.00,0.000
2026,30,54,15,6,1,-4.250,-12.750,0.00,0.000
2026,30,54,15,7,1,-3.750,-12.750,0.00,0.000
2026,30,54,15,8,1,-3.250,-12.750,0.00,0.000
2026,30,54,15,9,1,-2.750,-12.750,0.00,0.000
2026,30,54,15,10,1,-2.250,-12.750,0.00,0.000
2026,30,54,15,11,1,-1.750,-12.750,0.00,0.000
2026,30,54,15,12,1,-1.250,-12.750,0.00,0.000
2026,30,54,15,13,1,-0.750,-12.750,0.00,0.000
2026,30,54,15,14,1,-0.250,-12.750,0.00,0.000
2026,30,54,15,15,1,0.250,-12.750,0.00,0.000
2026,30,54,15,16,1,0.750,-12.750,0.00,0.000
2026,30,54,15,17,1,1.250,-12.750,0.00,0.000
2026,30,54,15,18,1,1.750,-12.750,0.00,0.000
2026,30,54,15,19,1,2.250,-12.750,0.00,0.000
2026,30,54,15,20,1,2.750,-12.750,0.00,0.000
2026,30,54,15,21,1,3.250,-12.750,0.00,0.000
2026,30,54,15,22,1,3.750,-12.750,0.00,0.000
2026,30,54,15,23,1,4.250,-12.750,0.00,0.000
2026,30,54,15,24,1,4.750,-12.750,0.00,0.000
2026,30,54,15,25,1,5.250,-12.750,0.00,0.000
2026,30,54,15,26,1,5.750,-12.750,0.00,0.000
2026,30,54,15,27,1,6.250,-12.750,0.00,0.000
2026,30,54,15,28,1,6.750,-12.750,0.00,0.000
2026,30,54,15,29,1,7.250,-12.750,0.00,0.000
2026,30,54,15,0,2,-7.250,-12.250,0.00,0.000
2026,30,54,15,1,2,-6.750,-12.250,0.00,0.000
2026,30,54,15,2,2,-6.250,-12.250,0.00,0.000
2026,30,54,15,3,2,-5.750,-12.250,0.00,0.000
2026,30,54,15,4,2,-5.250,-12.250,0.00,0.000
2026,30,54,15,5,2,-4.750,-12.250,0.00,0.000
2026,30,54,15,6,2,-4.250,-12.250,0.00,0.000
2026,30,54,15,7,2,-3.750,-12.250,0.00,0.000
2026,30,54,15,8,2,-3.250,-12.250,0.00,0.000
2026,30,54,15,9,2,-2.750,-12.250,0.00,0.000
2026,30,54,15,10,2,-2.250,-12.250,0.00,0.000
2026,30,54,15,11,2,-1.750,-12.250,0.00,0.000
2026,30,54,15,12,2,-1.250,-12.250,0.00,0.000
2026,30,54,15,13,2,-0.750,-12.250,0.00,0.000
2026,30,54,15,14,2,-0.250,-12.250,0.00,0.000
2026,30,54,15,15,2,0.250,-12.250,0.00,0.000
2026,30,54,15,16,2,0.750,-12.250,0.00,0.000
2026,30,54,15,17,2,1.250,-12.250,0.00,0.000
2026,30,54,15,18,2,1.750,-12.250,0.00,0.000
2026,30,54,15,19,2,2.250,-12.250,0.00,0.000
2026,30,54,15,20,2,2.750,-12.250,0.00,0.000
2026,30,54,15,21,2,3.250,-12.250,0.00,0.000
2026,30,54,15,22,2,3.750,-12.250,0.00,0.000
2026,30,54,15,23,2,4.250,-12.250,0.00,0.000
2026,30,54,15,24,2,4.750,-12.250,0.00,0.000
2026,30,54,15,25,2,5.250,-12.250,0.00,0.000
2026,30,54,15,26,2,5.750,-12.250,0.00,0.000
2026,30,54,15,27,2,6.250,-12.250,0.00,0.000
2026,30,54,15,28,2,6.750,-12.250,0.00,0.000
2026,30,54,15,29,2,7.250,-12.250,0.00,0.000
2026,30,54,15,0,3,-7.250,-11.750,10.75,0.029
2026,30,54,15,1,3,-6.750,-11.750,10.00,0.027
2026,30,54,15,2,3,-6.250,-11.750,8.00,0.022
2026,30,54,15,3,3,-5.750,-11.750,3.25,0.009
2026,30,54,15,4,3,-5.250,-11.750,1.25,0.003
2026,30,54,15,5,3,-4.750,-11.750,0.00,0.000
2026,30,54,15,6,3,-4.250,-11.750,0.00,0.000
2026,30,54,15,7,3,-3.750,-11.750,0.00,0.000
2026,30,54,15,8,3,-3.250,-11.750,0.00,0.000
2026,30,54,15,9,3,-2.750,-11.750,0.00,0.000
2026,30,54,15,10,3,-2.250,-11.750,0.00,0.000
2026,30,54,15,11,3,-1.750,-11.750,0.00,0.000
2026,30,54,15,12,3,-1.250,-11.750,0.00,0.000
2026,30,54,15,13,3,-0.750,-11.750,0.00,0.000
2026,30,54,15,14,3,-0.250,-11.750,0.00,0.000
2026,30,54,15,15,3,0.250,-11.750,0.00,0.000
2026,30,54,15,16,3,0.750,-11.750,0.00,0.000
2026,30,54,15,17,3,1.250,-11.750,0.00,0.000
2026,30,54,15,18,3,1.750,-11.750,0.00,0.000
2026,30,54,15,19,3,2.250,-11.750,0.00,0.000
2026,30,54,15,20,3,2.750,-11.750,0.00,0.000
2026,30,54,15,21,3,3.250,-11.750,0.00,0.000
2026,30,54,15,22,3,3.750,-11.750,0.00,0.000
2026,30,54,15,23,3,4.250,-11.750,0.50,0.001
2026,30,54,15,24,3,4.750,-11.750,3.75,0.010
2026,30,54,15,25,3,5.250,-11.750,6.50,0.018
2026,30,54,15,26,3,5.750,-11.750,6.75,0.018
2026,30,54,15,27,3,6.250,-11.750,7.75,0.021
2026,30,54,15,28,3,6.750,-11.750,9.00,0.025
2026,30,54,15,29,3,7.250,-11.750,11.00,0.030
2026,30,54,15,0,4,-7.250,-11.250,55.25,0.151
2026,30,54,15,1,4,-6.750,-11.250,51.75,0.142
2026,30,54,15,2,4,-6.250,-11.250,49.00,0.134
2026,30,54,15,3,4,-5.750,-11.250,46.50,0.127
2026,30,54,15,4,4,-5.250,-11.250,44.50,0.122
2026,30,54,15,5,4,-4.750,-11.250,37.75,0.103
2026,30,54,15,6,4,-4.250,-11.250,33.25,0.091
2026,30,54,15,7,4,-3.750,-11.250,29.50,0.081
2026,30,54,15,8,4,-3.250,-11.250,27.50,0.075
2026,30,54,15,9,4,-2.750,-11.250,26.25,0.072
2026,30,54,15,10,4,-2.250,-11.250,17.50,0.048
2026,30,54,15,11,4,-1.750,-11.250,14.50,0.040
2026,30,54,15,12,4,-1.250,-11.250,13.00,0.036
2026,30,54,15,13,4,-0.750,-11.250,6.75,0.018
2026,30,54,15,14,4,-0.250,-11.250,4.00,0.011
2026,30,54,15,15,4,0.250,-11.250,8.75,0.024
2026,30,54,15,16,4,0.750,-11.250,7.00,0.019
2026,30,54,15,17,4,1.250,-11.250,9.00,0.025
2026,30,54,15,18,4,1.750,-11.250,14.00,0.038
2026,30,54,15,19,4,2.250,-11.250,19.25,0.053
2026,30,54,15,20,4,2.750,-11.250,21.00,0.058
2026,30,54,15,21,4,3.250,-11.250,24.50,0.067
2026,30,54,15,22,4,3.750,-11.250,30.75,0.084
2026,30,54,15,23,4,4.250,-11.250,35.00,0.096
2026,30,54,15,24,4,4.750,-11.250,37.00,0.101
2026,30,54,15,25,4,5.250,-11.250,40.25,0.110
2026,30,54,15,26,4,5.750,-11.250,43.50,0.119
2026,30,54,15,27,4,6.250,-11.250,48.75,0.134
2026,30,54,15,28,4,6.750,-11.250,54.50,0.149
2026,30,54,15,29,4,7.250,-11.250,57.00,0.156
2026,30,54,15,0,5,-7.250,-10.750,179.50,0.492
2026,30,54,15,1,5,-6.750,-10.750,178.25,0.488
2026,30,54,15,2,5,-6.250,-10.750,177.00,0.485
2026,30,54,15,3,5,-5.750,-10.750,178.25,0.488
2026,30,54,15,4,5,-5.250,-10.750,175.75,0.482
2026,30,54,15,5,5,-4.750,-10.750,177.50,0.486
2026,30,54,15,6,5,-4.250,-10.750,183.50,0.503
2026,30,54,15,7,5,-3.750,-10.750,178.25,0.488
2026,30,54,15,8,5,-3.250,-10.750,180.00,0.493
2026,30,54,15,9,5,-2.750,-10.750,179.00,0.490
2026,30,54,15,10,5,-2.250,-10.750,184.75,0.506
2026,30,54,15,11,5,-1.750,-10.750,180.50,0.495
2026,30,54,15,12,5,-1.250,-10.750,184.00,0.504
2026,30,54,15,13,5,-0.750,-10.750,183.00,0.501
2026,30,54,15,14,5,-0.250,-10.750,186.75,0.512
2026,30,54,15,15,5,0.250,-10.750,182.75,0.501
2026,30,54,15,16,5,0.750,-10.750,185.25,0.508
2026,30,54,15,17,5,1.250,-10.750,184.75,0.506
2026,30,54,15,18,5,1.750,-10.750,183.75,0.503
2026,30,54,15,19,5,2.250,-10.750,178.75,0.490
2026,30,54,15,20,5,2.750,-10.750,181.50,0.497
2026,30,54,15,21,5,3.250,-10.750,181.00,0.496
2026,30,54,15,22,5,3.750,-10.750,181.25,0.497
2026,30,54,15,23,5,4.250,-10.750,176.25,0.483
2026,30,54,15,24,5,4.750,-10.750,177.00,0.485
2026,30,54,15,25,5,5.250,-10.750,181.50,0.497
2026,30,54,15,26,5,5.750,-10.750,176.75,0.484
2026,30,54,15,27,5,6.250,-10.750,177.75,0.487
2026,30,54,15,28,5,6.750,-10.750,177.50,0.486
2026,30,54,15,29,5,7.250,-10.750,176.25,0.483
2026,30,54,15,0,6,-7.250,-10.250,265.75,0.728
2026,30,54,15,1,6,-6.750,-10.250,271.25,0.743
2026,30,54,15,2,6,-6.250,-10.250,280.00,0.767
2026,30,54,15,3,6,-5.750,-10.250,283.25,0.776
2026,30,54,15,4,6,-5.250,-10.250,291.75,0.799
2026,30,54,15,5,6,-4.750,-10.250,296.00,0.811
2026,30,54,15,6,6,-4.250,-10.250,295.25,0.809
2026,30,54,15,7,6,-3.750,-10.250,303.75,0.832
2026,30,54,15,8,6,-3.250,-10.250,306.25,0.839
2026,30,54,15,9,6,-2.750,-10.250,309.75,0.849
2026,30,54,15,10,6,-2.250,-10.250,309.50,0.848
2026,30,54,15,11,6,-1.750,-10.250,316.25,0.866
2026,30,54,15,12,6,-1.250,-10.250,318.50,0.873
2026,30,54,15,13,6,-0.750,-10.250,319.00,0.874
2026,30,54,15,14,6,-0.250,-10.250,318.00,0.871
2026,30,54,15,15,6,0.250,-10.250,317.75,0.871
2026,30,54,15,16,6,0.750,-10.250,318.00,0.871
2026,30,54,15,17,6,1.250,-10.250,317.00,0.868
2026,30,54,15,18,6,1.750,-10.250,311.75,0.854
2026,30,54,15,19,6,2.250,-10.250,315.75,0.865
2026,30,54,15,20,6,2.750,-10.250,308.75,0.846
2026,30,54,15,21,6,3.250,-10.250,306.50,0.840
2026,30,54,15,22,6,3.750,-10.250,300.25,0.823
2026,30,54,15,23,6,4.250,-10.250,304.00,0.833
2026,30,54,15,24,6,4.750,-10.250,293.50,0.804
2026,30,54,15,25,6,5.250,-10.250,290.00,0.795
2026,30,54,15,26,6,5.750,-10.250,283.50,0.777
2026,30,54,15,27,6,6.250,-10.250,277.75,0.761
2026,30,54,15,28,6,6.750,-10.250,279.75,0.766
2026,30,54,15,29,6,7.250,-10.250,266.75,0.731
2026,30,54,15,0,7,-7.250,-9.750,273.75,0.750
2026,30,54,15,1,7,-6.750,-9.750,280.50,0.768
2026,30,54,15,2,7,-6.250,-9.750,289.75,0.794
2026,30,54,15,3,7,-5.750,-9.750,288.25,0.790
2026,30,54,15,4,7,-5.250,-9.750,296.25,0.812
2026,30,54,15,5,7,-4.750,-9.750,298.25,0.817
2026,30,54,15,6,7,-4.250,-9.750,308.25,0.845
2026,30,54,15,7,7,-3.750,-9.750,213.50,0.585
2026,30,54,15,8,7,-3.250,-9.750,0.00,0.000
2026,30,54,15,9,7,-2.750,-9.750,0.00,0.000
2026,30,54,15,10,7,-2.250,-9.750,0.00,0.000
2026,30,54,15,11,7,-1.750,-9.750,0.00,0.000
2026,30,54,15,12,7,-1.250,-9.750,0.00,0.000
2026,30,54,15,13,7,-0.750,-9.750,0.00,0.000
2026,30,54,15,14,7,-0.250,-9.750,0.00,0.000
2026,30,54,15,15,7,0.250,-9.750,0.00,0.000
2026,30,54,15,16,7,0.750,-9.750,0.00,0.000
2026,30,54,15,17,7,1.250,-9.750,0.00,0.000
2026,30,54,15,18,7,1.750,-9.750,0.00,0.000
2026,30,54,15,19,7,2.250,-9.750,0.00,0.000
2026,30,54,15,20,7,2.750,-9.750,0.00,0.000
2026,30,54,15,21,7,3.250,-9.750,0.00,0.000
2026,30,54,15,22,7,3.750,-9.750,212.75,0.583
2026,30,54,15,23,7,4.250,-9.750,303.00,0.830
2026,30,54,15,24,7,4.750,-9.750,301.50,0.826
2026,30,54,15,25,7,5.250,-9.750,297.50,0.815
2026,30,54,15,26,7,5.750,-9.750,294.00,0.805
2026,30,54,15,27,7,6.250,-9.750,285.25,0.782
2026,30,54,15,28,7,6.750,-9.750,278.50,0.763
2026,30,54,15,29,7,7.250,-9.750,271.75,0.745
2026,30,54,15,0,8,-7.250,-9.250,278.25,0.762
2026,30,54,15,1,8,-6.750,-9.250,282.00,0.773
2026,30,54,15,2,8,-6.250,-9.250,288.50,0.790
2026,30,54,15,3,8,-5.750,-9.250,296.50,0.812
2026,30,54,15,4,8,-5.250,-9.250,305.75,0.838
2026,30,54,15,5,8,-4.750,-9.250,281.75,0.772
2026,30,54,15,6,8,-4.250,-9.250,220.25,0.603
2026,30,54,15,7,8,-3.750,-9.250,134.50,0.368
2026,30,54,15,8,8,-3.250,-9.250,0.00,0.000
2026,30,54,15,9,8,-2.750,-9.250,0.00,0.000
2026,30,54,15,10,8,-2.250,-9.250,0.00,0.000
2026,30,54,15,11,8,-1.750,-9.250,0.00,0.000
2026,30,54,15,12,8,-1.250,-9.250,0.00,0.000
2026,30,54,15,13,8,-0.750,-9.250,0.00,0.000
2026,30,54,15,14,8,-0.250,-9.250,0.00,0.000
2026,30,54,15,15,8,0.250,-9.250,0.00,0.000
2026,30,54,15,16,8,0.750,-9.250,0.00,0.000
2026,30,54,15,17,8,1.250,-9.250,0.00,0.000
2026,30,54,15,18,8,1.750,-9.250,0.00,0.000
2026,30,54,15,19,8,2.250,-9.250,0.00,0.000
2026,30,54,15,20,8,2.750,-9.250,0.00,0.000
2026,30,54,15,21,8,3.250,-9.250,0.00,0.000
2026,30,54,15,22,8,3.750,-9.250,137.75,0.377
2026,30,54,15,23,8,4.250,-9.250,212.75,0.583
2026,30,54,15,24,8,4.750,-9.250,282.00,0.773
2026,30,54,15,25,8,5.250,-9.250,298.75,0.818
2026,30,54,15,26,8,5.750,-9.250,296.25,0.812
2026,30,54,15,27,8,6.250,-9.250,294.25,0.806
2026,30,54,15,28,8,6.750,-9.250,284.75,0.780
2026,30,54,15,29,8,7.250,-9.250,277.75,0.761
2026,30,54,15,0,9,-7.250,-8.750,283.50,0.777
2026,30,54,15,1,9,-6.750,-8.750,289.00,0.792
2026,30,54,15,2,9,-6.250,-8.750,295.75,0.810
2026,30,54,15,3,9,-5.750,-8.750,301.25,0.825
2026,30,54,15,4,9,-5.250,-8.750,295.25,0.809
2026,30,54,15,5,9,-4.750,-8.750,271.50,0.744
2026,30,54,15,6,9,-4.250,-8.750,194.00,0.532
2026,30,54,15,7,9,-3.750,-8.750,130.50,0.358
2026,30,54,15,8,9,-3.250,-8.750,0.00,0.000
2026,30,54,15,9,9,-2.750,-8.750,0.00,0.000
2026,30,54,15,10,9,-2.250,-8.750,0.00,0.000
2026,30,54,15,11,9,-1.750,-8.750,0.00,0.000
2026,30,54,15,12,9,-1.250,-8.750,0.00,0.000
2026,30,54,15,13,9,-0.750,-8.750,0.00,0.000
2026,30,54,15,14,9,-0.250,-8.750,0.00,0.000
2026,30,54,15,15,9,0.250,-8.750,0.00,0.000
2026,30,54,15,16,9,0.750,-8.750,0.00,0.000
2026,30,54,15,17,9,1.250,-8.750,0.00,0.000
2026,30,54,15,18,9,1.750,-8.750,0.00,0.000
2026,30,54,15,19,9,2.250,-8.750,0.00,0.000
2026,30,54,15,20,9,2.750,-8.750,0.00,0.000
2026,30,54,15,21,9,3.250,-8.750,0.00,0.000
2026,30,54,15,22,9,3.750,-8.750,125.25,0.343
2026,30,54,15,23,9,4.250,-8.750,202.00,0.553
2026,30,54,15,24,9,4.750,-8.750,264.75,0.725
2026,30,54,15,25,9,5.250,-8.750,300.50,0.823
2026,30,54,15,26,9,5.750,-8.750,297.75,0.816
2026,30,54,15,27,9,6.250,-8.750,294.25,0.806
2026,30,54,15,28,9,6.750,-8.750,286.75,0.786
2026,30,54,15,29,9,7.250,-8.750,283.25,0.776
2026,30,54,15,0,10,-7.250,-8.250,289.50,0.793
2026,30,54,15,1,10,-6.750,-8.250,292.75,0.802
2026,30,54,15,2,10,-6.250,-8.250,295.75,0.810
2026,30,54,15,3,10,-5.750,-8.250,302.75,0.829
2026,30,54,15,4,10,-5.250,-8.250,302.50,0.829
2026,30,54,15,5,10,-4.750,-8.250,284.00,0.778
2026,30,54,15,6,10,-4.250,-8.250,201.50,0.552
2026,30,54,15,7,10,-3.750,-8.250,136.50,0.374
2026,30,54,15,8,10,-3.250,-8.250,43.25,0.118
2026,30,54,15,9,10,-2.750,-8.250,0.00,0.000
2026,30,54,15,10,10,-2.250,-8.250,0.00,0.000
2026,30,54,15,11,10,-1.750,-8.250,0.00,0.000
2026,30,54,15,12,10,-1.250,-8.250,0.00,0.000
2026,30,54,15,13,10,-0.750,-8.250,0.00,0.000
2026,30,54,15,14,10,-0.250,-8.250,0.00,0.000
2026,30,54,15,15,10,0.250,-8.250,0.00,0.000
2026,30,54,15,16,10,0.750,-8.250,0.00,0.000
2026,30,54,15,17,10,1.250,-8.250,0.00,0.000
2026,30,54,15,18,10,1.750,-8.250,0.00,0.000
2026,30,54,15,19,10,2.250,-8.250,0.00,0.000
2026,30,54,15,20,10,2.750,-8.250,0.00,0.000
2026,30,54,15,21,10,3.250,-8.250,43.25,0.118
2026,30,54,15,22,10,3.750,-8.250,128.75,0.353
2026,30,54,15,23,10,4.250,-8.250,212.25,0.582
2026,30,54,15,24,10,4.750,-8.250,275.75,0.755
2026,30,54,15,25,10,5.250,-8.250,304.25,0.834
2026,30,54,15,26,10,5.750,-8.250,303.50,0.832
2026,30,54,15,27,10,6.250,-8.250,299.25,0.820
2026,30,54,15,28,10,6.750,-8.250,291.25,0.798
2026,30,54,15,29,10,7.250,-8.250,285.75,0.783
2026,30,54,15,0,11,-7.250,-7.750,288.25,0.790
2026,30,54,15,1,11,-6.750,-7.750,295.50,0.810
2026,30,54,15,2,11,-6.250,-7.750,299.75,0.821
2026,30,54,15,3,11,-5.750,-7.750,309.50,0.848
2026,30,54,15,4,11,-5.250,-7.750,309.00,0.847
2026,30,54,15,5,11,-4.750,-7.750,295.50,0.810
2026,30,54,15,6,11,-4.250,-7.750,249.00,0.682
2026,30,54,15,7,11,-3.750,-7.750,197.00,0.540
2026,30,54,15,8,11,-3.250,-7.750,137.75,0.377
2026,30,54,15,9,11,-2.750,-7.750,0.00,0.000
2026,30,54,15,10,11,-2.250,-7.750,0.00,0.000
2026,30,54,15,11,11,-1.750,-7.750,0.00,0.000
2026,30,54,15,12,11,-1.250,-7.750,0.00,0.000
2026,30,54,15,13,11,-0.750,-7.750,0.00,0.000
2026,30,54,15,14,11,-0.250,-7.750,0.00,0.000
2026,30,54,15,15,11,0.250,-7.750,0.00,0.000
2026,30,54,15,16,11,0.750,-7.750,0.00,0.000
2026,30,54,15,17,11,1.250,-7.750,0.00,0.000
2026,30,54,15,18,11,1.750,-7.750,0.00,0.000
2026,30,54,15,19,11,2.250,-7.750,0.00,0.000
2026,30,54,15,20,11,2.750,-7.750,0.00,0.000
2026,30,54,15,21,11,3.250,-7.750,132.00,0.362
2026,30,54,15,22,11,3.750,-7.750,194.50,0.533
2026,30,54,15,23,11,4.250,-7.750,246.00,0.674
2026,30,54,15,24,11,4.750,-7.750,289.50,0.793
2026,30,54,15,25,11,5.250,-7.750,311.75,0.854
2026,30,54,15,26,11,5.750,-7.750,302.00,0.827
2026,30,54,15,27,11,6.250,-7.750,300.25,0.823
2026,30,54,15,28,11,6.750,-7.750,296.75,0.813
2026,30,54,15,29,11,7.250,-7.750,289.75,0.794
2026,30,54,15,0,12,-7.250,-7.250,292.50,0.801
2026,30,54,15,1,12,-6.750,-7.250,301.50,0.826
2026,30,54,15,2,12,-6.250,-7.250,306.50,0.840
2026,30,54,15,3,12,-5.750,-7.250,305.00,0.836
2026,30,54,15,4,12,-5.250,-7.250,285.50,0.782
2026,30,54,15,5,12,-4.750,-7.250,246.50,0.675
2026,30,54,15,6,12,-4.250,-7.250,213.75,0.586
2026,30,54,15,7,12,-3.750,-7.250,171.50,0.470
2026,30,54,15,8,12,-3.250,-7.250,136.50,0.374
2026,30,54,15,9,12,-2.750,-7.250,0.00,0.000
2026,30,54,15,10,12,-2.250,-7.250,0.00,0.000
2026,30,54,15,11,12,-1.750,-7.250,0.00,0.000
2026,30,54,15,12,12,-1.250,-7.250,0.00,0.000
2026,30,54,15,13,12,-0.750,-7.250,0.00,0.000
2026,30,54,15,14,12,-0.250,-7.250,0.00,0.000
2026,30,54,15,15,12,0.250,-7.250,0.00,0.000
2026,30,54,15,16,12,0.750,-7.250,0.00,0.000
2026,30,54,15,17,12,1.250,-7.250,0.00,0.000
2026,30,54,15,18,12,1.750,-7.250,0.00,0.000
2026,30,54,15,19,12,2.250,-7.250,0.00,0.000
2026,30,54,15,20,12,2.750,-7.250,0.00,0.000
2026,30,54,15,21,12,3.250,-7.250,126.75,0.347
2026,30,54,15,22,12,3.750,-7.250,173.00,0.474
2026,30,54,15,23,12,4.250,-7.250,211.00,0.578
2026,30,54,15,24,12,4.750,-7.250,251.50,0.689
2026,30,54,15,25,12,5.250,-7.250,280.25,0.768
2026,30,54,15,26,12,5.750,-7.250,305.00,0.836
2026,30,54,15,27,12,6.250,-7.250,304.25,0.834
2026,30,54,15,28,12,6.750,-7.250,295.50,0.810
2026,30,54,15,29,12,7.250,-7.250,291.25,0.798
2026,30,54,15,0,13,-7.250,-6.750,296.75,0.813
2026,30,54,15,1,13,-6.750,-6.750,301.00,0.825
2026,30,54,15,2,13,-6.250,-6.750,297.75,0.816
2026,30,54,15,3,13,-5.750,-6.750,290.50,0.796
2026,30,54,15,4,13,-5.250,-6.750,280.00,0.767
2026,30,54,15,5,13,-4.750,-6.750,236.00,0.647
2026,30,54,15,6,13,-4.250,-6.750,209.25,0.573
2026,30,54,15,7,13,-3.750,-6.750,164.75,0.451
2026,30,54,15,8,13,-3.250,-6.750,0.00,0.000
2026,30,54,15,9,13,-2.750,-6.750,0.00,0.000
2026,30,54,15,10,13,-2.250,-6.750,0.00,0.000
2026,30,54,15,11,13,-1.750,-6.750,0.00,0.000
2026,30,54,15,12,13,-1.250,-6.750,0.00,0.000
2026,30,54,15,13,13,-0.750,-6.750,0.00,0.000
2026,30,54,15,14,13,-0.250,-6.750,0.00,0.000
2026,30,54,15,15,13,0.250,-6.750,0.00,0.000
2026,30,54,15,16,13,0.750,-6.750,0.00,0.000
2026,30,54,15,17,13,1.250,-6.750,0.00,0.000
2026,30,54,15,18,13,1.750,-6.750,0.00,0.000
2026,30,54,15,19,13,2.250,-6.750,0.00,0.000
2026,30,54,15,20,13,2.750,-6.750,0.00,0.000
2026,30,54,15,21,13,3.250,-6.750,0.00,0.000
2026,30,54,15,22,13,3.750,-6.750,167.00,0.458
2026,30,54,15,23,13,4.250,-6.750,202.00,0.553
2026,30,54,15,24,13,4.750,-6.750,245.75,0.673
2026,30,54,15,25,13,5.250,-6.750,270.00,0.740
2026,30,54,15,26,13,5.750,-6.750,295.00,0.808
2026,30,54,15,27,13,6.250,-6.750,304.50,0.834
2026,30,54,15,28,13,6.750,-6.750,297.75,0.816
2026,30,54,15,29,13,7.250,-6.750,292.75,0.802
2026,30,54,15,0,14,-7.250,-6.250,293.75,0.805
2026,30,54,15,1,14,-6.750,-6.250,300.25,0.823
2026,30,54,15,2,14,-6.250,-6.250,298.25,0.817
2026,30,54,15,3,14,-5.750,-6.250,292.00,0.800
2026,30,54,15,4,14,-5.250,-6.250,280.25,0.768
2026,30,54,15,5,14,-4.750,-6.250,239.50,0.656
2026,30,54,15,6,14,-4.250,-6.250,205.75,0.564
2026,30,54,15,7,14,-3.750,-6.250,159.50,0.437
2026,30,54,15,8,14,-3.250,-6.250,0.00,0.000
2026,30,54,15,9,14,-2.750,-6.250,0.00,0.000
2026,30,54,15,10,14,-2.250,-6.250,0.00,0.000
2026,30,54,15,11,14,-1.750,-6.250,0.00,0.000
2026,30,54,15,12,14,-1.250,-6.250,0.00,0.000
2026,30,54,15,13,14,-0.750,-6.250,0.00,0.000
2026,30,54,15,14,14,-0.250,-6.250,0.00,0.000
2026,30,54,15,15,14,0.250,-6.250,0.00,0.000
2026,30,54,15,16,14,0.750,-6.250,0.00,0.000
2026,30,54,15,17,14,1.250,-6.250,0.00,0.000
2026,30,54,15,18,14,1.750,-6.250,0.00,0.000
2026,30,54,15,19,14,2.250,-6.250,0.00,0.000
2026,30,54,15,20,14,2.750,-6.250,0.00,0.000
2026,30,54,15,21,14,3.250,-6.250,0.00,0.000
2026,30,54,15,22,14,3.750,-6.250,151.00,0.414
2026,30,54,15,23,14,4.250,-6.250,204.75,0.561
2026,30,54,15,24,14,4.750,-6.250,249.75,0.684
2026,30,54,15,25,14,5.250,-6.250,274.00,0.751
2026,30,54,15,26,14,5.750,-6.250,292.50,0.801
2026,30,54,15,27,14,6.250,-6.250,296.75,0.813
2026,30,54,15,28,14,6.750,-6.250,301.50,0.826
2026,30,54,15,29,14,7.250,-6.250,295.50,0.810
2026,30,54,15,0,15,-7.250,-5.750,296.50,0.812
2026,30,54,15,1,15,-6.750,-5.750,300.50,0.823
2026,30,54,15,2,15,-6.250,-5.750,304.00,0.833
2026,30,54,15,3,15,-5.750,-5.750,293.50,0.804
2026,30,54,15,4,15,-5.250,-5.750,283.25,0.776
2026,30,54,15,5,15,-4.750,-5.750,246.50,0.675
2026,30,54,15,6,15,-4.250,-5.750,210.00,0.575
2026,30,54,15,7,15,-3.750,-5.750,144.75,0.397
2026,30,54,15,8,15,-3.250,-5.750,0.00,0.000
2026,30,54,15,9,15,-2.750,-5.750,0.00,0.000
2026,30,54,15,10,15,-2.250,-5.750,0.00,0.000
2026,30,54,15,11,15,-1.750,-5.750,0.00,0.000
2026,30,54,15,12,15,-1.250,-5.750,0.00,0.000
2026,30,54,15,13,15,-0.750,-5.750,0.00,0.000
2026,30,54,15,14,15,-0.250,-5.750,0.00,0.000
2026,30,54,15,15,15,0.250,-5.750,0.00,0.000
2026,30,54,15,16,15,0.750,-5.750,0.00,0.000
2026,30,54,15,17,15,1.250,-5.750,0.00,0.000
2026,30,54,15,18,15,1.750,-5.750,0.00,0.000
2026,30,54,15,19,15,2.250,-5.750,0.00,0.000
2026,30,54,15,20,15,2.750,-5.750,0.00,0.000
2026,30,54,15,21,15,3.250,-5.750,0.00,0.000
2026,30,54,15,22,15,3.750,-5.750,138.25,0.379
2026,30,54,15,23,15,4.250,-5.750,210.50,0.577
2026,30,54,15,24,15,4.750,-5.750,253.25,0.694
2026,30,54,15,25,15,5.250,-5.750,282.25,0.773
2026,30,54,15,26,15,5.750,-5.750,296.75,0.813
2026,30,54,15,27,15,6.250,-5.750,297.75,0.816
2026,30,54,15,28,15,6.750,-5.750,299.25,0.820
2026,30,54,15,29,15,7.250,-5.750,299.50,0.821
2026,30,54,15,0,16,-7.250,-5.250,299.25,0.820
2026,30,54,15,1,16,-6.750,-5.250,303.75,0.832
2026,30,54,15,2,16,-6.250,-5.250,302.75,0.829
2026,30,54,15,3,16,-5.750,-5.250,297.75,0.816
2026,30,54,15,4,16,-5.250,-5.250,289.75,0.794
2026,30,54,15,5,16,-4.750,-5.250,262.75,0.720
2026,30,54,15,6,16,-4.250,-5.250,218.00,0.597
2026,30,54,15,7,16,-3.750,-5.250,146.75,0.402
2026,30,54,15,8,16,-3.250,-5.250,22.00,0.060
2026,30,54,15,9,16,-2.750,-5.250,0.00,0.000
2026,30,54,15,10,16,-2.250,-5.250,0.00,0.000
2026,30,54,15,11,16,-1.750,-5.250,0.00,0.000
2026,30,54,15,12,16,-1.250,-5.250,0.00,0.000
2026,30,54,15,13,16,-0.750,-5.250,0.00,0.000
2026,30,54,15,14,16,-0.250,-5.250,0.00,0.000
2026,30,54,15,15,16,0.250,-5.250,0.00,0.000
2026,30,54,15,16,16,0.750,-5.250,0.00,0.000
2026,30,54,15,17,16,1.250,-5.250,0.00,0.000
2026,30,54,15,18,16,1.750,-5.250,0.00,0.000
2026,30,54,15,19,16,2.250,-5.250,0.00,0.000
2026,30,54,15,20,16,2.750,-5.250,0.00,0.000
2026,30,54,15,21,16,3.250,-5.250,16.50,0.045
2026,30,54,15,22,16,3.750,-5.250,140.25,0.384
2026,30,54,15,23,16,4.250,-5.250,222.50,0.610
2026,30,54,15,24,16,4.750,-5.250,261.25,0.716
2026,30,54,15,25,16,5.250,-5.250,286.25,0.784
2026,30,54,15,26,16,5.750,-5.250,300.75,0.824
2026,30,54,15,27,16,6.250,-5.250,299.75,0.821
2026,30,54,15,28,16,6.750,-5.250,302.50,0.829
2026,30,54,15,29,16,7.250,-5.250,301.50,0.826
2026,30,54,15,0,17,-7.250,-4.750,302.25,0.828
2026,30,54,15,1,17,-6.750,-4.750,307.25,0.842
2026,30,54,15,2,17,-6.250,-4.750,303.25,0.831
2026,30,54,15,3,17,-5.750,-4.750,303.50,0.832
2026,30,54,15,4,17,-5.250,-4.750,293.25,0.803
2026,30,54,15,5,17,-4.750,-4.750,288.00,0.789
2026,30,54,15,6,17,-4.250,-4.750,275.25,0.754
2026,30,54,15,7,17,-3.750,-4.750,251.00,0.688
2026,30,54,15,8,17,-3.250,-4.750,227.00,0.622
2026,30,54,15,9,17,-2.750,-4.750,209.00,0.573
2026,30,54,15,10,17,-2.250,-4.750,198.75,0.545
2026,30,54,15,11,17,-1.750,-4.750,196.00,0.537
2026,30,54,15,12,17,-1.250,-4.750,195.50,0.536
2026,30,54,15,13,17,-0.750,-4.750,197.50,0.541
2026,30,54,15,14,17,-0.250,-4.750,196.50,0.538
2026,30,54,15,15,17,0.250,-4.750,196.00,0.537
2026,30,54,15,16,17,0.750,-4.750,196.00,0.537
2026,30,54,15,17,17,1.250,-4.750,195.00,0.534
2026,30,54,15,18,17,1.750,-4.750,196.75,0.539
2026,30,54,15,19,17,2.250,-4.750,200.25,0.549
2026,30,54,15,20,17,2.750,-4.750,209.75,0.575
2026,30,54,15,21,17,3.250,-4.750,222.50,0.610
2026,30,54,15,22,17,3.750,-4.750,256.50,0.703
2026,30,54,15,23,17,4.250,-4.750,276.00,0.756
2026,30,54,15,24,17,4.750,-4.750,283.00,0.775
2026,30,54,15,25,17,5.250,-4.750,297.00,0.814
2026,30,54,15,26,17,5.750,-4.750,302.50,0.829
2026,30,54,15,27,17,6.250,-4.750,303.25,0.831
2026,30,54,15,28,17,6.750,-4.750,307.50,0.842
2026,30,54,15,29,17,7.250,-4.750,305.50,0.837
2026,30,54,15,0,18,-7.250,-4.250,306.50,0.840
2026,30,54,15,1,18,-6.750,-4.250,310.50,0.851
2026,30,54,15,2,18,-6.250,-4.250,309.50,0.848
2026,30,54,15,3,18,-5.750,-4.250,313.50,0.859
2026,30,54,15,4,18,-5.250,-4.250,305.50,0.837
2026,30,54,15,5,18,-4.750,-4.250,308.75,0.846
2026,30,54,15,6,18,-4.250,-4.250,306.25,0.839
2026,30,54,15,7,18,-3.750,-4.250,296.00,0.811
2026,30,54,15,8,18,-3.250,-4.250,300.00,0.822
2026,30,54,15,9,18,-2.750,-4.250,293.25,0.803
2026,30,54,15,10,18,-2.250,-4.250,283.50,0.777
2026,30,54,15,11,18,-1.750,-4.250,284.50,0.779
2026,30,54,15,12,18,-1.250,-4.250,282.50,0.774
2026,30,54,15,13,18,-0.750,-4.250,279.75,0.766
2026,30,54,15,14,18,-0.250,-4.250,280.25,0.768
2026,30,54,15,15,18,0.250,-4.250,282.75,0.775
2026,30,54,15,16,18,0.750,-4.250,282.50,0.774
2026,30,54,15,17,18,1.250,-4.250,280.50,0.768
2026,30,54,15,18,18,1.750,-4.250,280.25,0.768
2026,30,54,15,19,18,2.250,-4.250,290.00,0.795
2026,30,54,15,20,18,2.750,-4.250,289.50,0.793
2026,30,54,15,21,18,3.250,-4.250,294.50,0.807
2026,30,54,15,22,18,3.750,-4.250,302.00,0.827
2026,30,54,15,23,18,4.250,-4.250,306.50,0.840
2026,30,54,15,24,18,4.750,-4.250,303.75,0.832
2026,30,54,15,25,18,5.250,-4.250,312.00,0.855
2026,30,54,15,26,18,5.750,-4.250,310.50,0.851
2026,30,54,15,27,18,6.250,-4.250,308.25,0.845
2026,30,54,15,28,18,6.750,-4.250,312.75,0.857
2026,30,54,15,29,18,7.250,-4.250,309.75,0.849
2026,30,54,15,0,19,-7.250,-3.750,309.25,0.847
2026,30,54,15,1,19,-6.750,-3.750,312.75,0.857
2026,30,54,15,2,19,-6.250,-3.750,314.75,0.862
2026,30,54,15,3,19,-5.750,-3.750,320.00,0.877
2026,30,54,15,4,19,-5.250,-3.750,320.00,0.877
2026,30,54,15,5,19,-4.750,-3.750,321.25,0.880
2026,30,54,15,6,19,-4.250,-3.750,326.50,0.895
2026,30,54,15,7,19,-3.750,-3.750,324.25,0.888
2026,30,54,15,8,19,-3.250,-3.750,332.75,0.912
2026,30,54,15,9,19,-2.750,-3.750,330.50,0.905
2026,30,54,15,10,19,-2.250,-3.750,330.50,0.905
2026,30,54,15,11,19,-1.750,-3.750,331.50,0.908
2026,30,54,15,12,19,-1.250,-3.750,335.25,0.918
2026,30,54,15,13,19,-0.750,-3.750,330.50,0.905
2026,30,54,15,14,19,-0.250,-3.750,335.00,0.918
2026,30,54,15,15,19,0.250,-3.750,334.00,0.915
2026,30,54,15,16,19,0.750,-3.750,334.00,0.915
2026,30,54,15,17,19,1.250,-3.750,334.25,0.916
2026,30,54,15,18,19,1.750,-3.750,330.75,0.906
2026,30,54,15,19,19,2.250,-3.750,334.25,0.916
2026,30,54,15,20,19,2.750,-3.750,327.25,0.897
2026,30,54,15,21,19,3.250,-3.750,328.50,0.900
2026,30,54,15,22,19,3.750,-3.750,328.75,0.901
2026,30,54,15,23,19,4.250,-3.750,323.25,0.886
2026,30,54,15,24,19,4.750,-3.750,322.00,0.882
2026,30,54,15,25,19,5.250,-3.750,324.00,0.888
2026,30,54,15,26,19,5.750,-3.750,320.25,0.877
2026,30,54,15,27,19,6.250,-3.750,314.50,0.862
2026,30,54,15,28,19,6.750,-3.750,315.50,0.864
2026,30,54,15,29,19,7.250,-3.750,314.50,0.862
2026,30,54,15,0,20,-7.250,-3.250,312.50,0.856
2026,30,54,15,1,20,-6.750,-3.250,316.75,0.868
2026,30,54,15,2,20,-6.250,-3.250,320.75,0.879
2026,30,54,15,3,20,-5.750,-3.250,324.75,0.890
2026,30,54,15,4,20,-5.250,-3.250,322.75,0.884
2026,30,54,15,5,20,-4.750,-3.250,325.50,0.892
2026,30,54,15,6,20,-4.250,-3.250,331.00,0.907
2026,30,54,15,7,20,-3.750,-3.250,328.25,0.899
2026,30,54,15,8,20,-3.250,-3.250,328.00,0.899
2026,30,54,15,9,20,-2.750,-3.250,334.25,0.916
2026,30,54,15,10,20,-2.250,-3.250,336.00,0.921
2026,30,54,15,11,20,-1.750,-3.250,331.50,0.908
2026,30,54,15,12,20,-1.250,-3.250,338.50,0.927
2026,30,54,15,13,20,-0.750,-3.250,334.00,0.915
2026,30,54,15,14,20,-0.250,-3.250,336.50,0.922
2026,30,54,15,15,20,0.250,-3.250,336.50,0.922
2026,30,54,15,16,20,0.750,-3.250,336.25,0.921
2026,30,54,15,17,20,1.250,-3.250,335.75,0.920
2026,30,54,15,18,20,1.750,-3.250,334.00,0.915
2026,30,54,15,19,20,2.250,-3.250,337.25,0.924
2026,30,54,15,20,20,2.750,-3.250,327.00,0.896
2026,30,54,15,21,20,3.250,-3.250,333.25,0.913
2026,30,54,15,22,20,3.750,-3.250,332.50,0.911
2026,30,54,15,23,20,4.250,-3.250,324.00,0.888
2026,30,54,15,24,20,4.750,-3.250,325.75,0.892
2026,30,54,15,25,20,5.250,-3.250,328.25,0.899
2026,30,54,15,26,20,5.750,-3.250,324.25,0.888
2026,30,54,15,27,20,6.250,-3.250,316.75,0.868
2026,30,54,15,28,20,6.750,-3.250,318.00,0.871
2026,30,54,15,29,20,7.250,-3.250,319.00,0.874
2026,30,54,15,0,21,-7.250,-2.750,315.00,0.863
2026,30,54,15,1,21,-6.750,-2.750,321.25,0.880
2026,30,54,15,2,21,-6.250,-2.750,326.25,0.894
2026,30,54,15,3,21,-5.750,-2.750,328.75,0.901
2026,30,54,15,4,21,-5.250,-2.750,325.75,0.892
2026,30,54,15,5,21,-4.750,-2.750,330.50,0.905
2026,30,54,15,6,21,-4.250,-2.750,335.00,0.918
2026,30,54,15,7,21,-3.750,-2.750,332.00,0.910
2026,30,54,15,8,21,-3.250,-2.750,331.00,0.907
2026,30,54,15,9,21,-2.750,-2.750,337.75,0.925
2026,30,54,15,10,21,-2.250,-2.750,341.25,0.935
2026,30,54,15,11,21,-1.750,-2.750,333.25,0.913
2026,30,54,15,12,21,-1.250,-2.750,340.25,0.932
2026,30,54,15,13,21,-0.750,-2.750,337.50,0.925
2026,30,54,15,14,21,-0.250,-2.750,339.50,0.930
2026,30,54,15,15,21,0.250,-2.750,340.25,0.932
2026,30,54,15,16,21,0.750,-2.750,339.75,0.931
2026,30,54,15,17,21,1.250,-2.750,338.75,0.928
2026,30,54,15,18,21,1.750,-2.750,337.75,0.925
2026,30,54,15,19,21,2.250,-2.750,338.75,0.928
2026,30,54,15,20,21,2.750,-2.750,331.00,0.907
2026,30,54,15,21,21,3.250,-2.750,339.00,0.929
2026,30,54,15,22,21,3.750,-2.750,336.00,0.921
2026,30,54,15,23,21,4.250,-2.750,328.00,0.899
2026,30,54,15,24,21,4.750,-2.750,329.25,0.902
2026,30,54,15,25,21,5.250,-2.750,332.25,0.910
2026,30,54,15,26,21,5.750,-2.750,326.75,0.895
2026,30,54,15,27,21,6.250,-2.750,321.25,0.880
2026,30,54,15,28,21,6.750,-2.750,321.00,0.879
2026,30,54,15,29,21,7.250,-2.750,322.75,0.884
2026,30,54,15,0,22,-7.250,-2.250,318.75,0.873
2026,30,54,15,1,22,-6.750,-2.250,326.00,0.893
2026,30,54,15,2,22,-6.250,-2.250,329.75,0.903
2026,30,54,15,3,22,-5.750,-2.250,331.00,0.907
2026,30,54,15,4,22,-5.250,-2.250,330.00,0.904
2026,30,54,15,5,22,-4.750,-2.250,333.75,0.914
2026,30,54,15,6,22,-4.250,-2.250,337.25,0.924
2026,30,54,15,7,22,-3.750,-2.250,336.50,0.922
2026,30,54,15,8,22,-3.250,-2.250,335.25,0.918
2026,30,54,15,9,22,-2.750,-2.250,340.25,0.932
2026,30,54,15,10,22,-2.250,-2.250,345.75,0.947
2026,30,54,15,11,22,-1.750,-2.250,338.25,0.927
2026,30,54,15,12,22,-1.250,-2.250,341.00,0.934
2026,30,54,15,13,22,-0.750,-2.250,340.75,0.934
2026,30,54,15,14,22,-0.250,-2.250,344.25,0.943
2026,30,54,15,15,22,0.250,-2.250,342.50,0.938
2026,30,54,15,16,22,0.750,-2.250,341.50,0.936
2026,30,54,15,17,22,1.250,-2.250,343.50,0.941
2026,30,54,15,18,22,1.750,-2.250,340.25,0.932
2026,30,54,15,19,22,2.250,-2.250,339.50,0.930
2026,30,54,15,20,22,2.750,-2.250,335.75,0.920
2026,30,54,15,21,22,3.250,-2.250,342.25,0.938
2026,30,54,15,22,22,3.750,-2.250,338.00,0.926
2026,30,54,15,23,22,4.250,-2.250,331.75,0.909
2026,30,54,15,24,22,4.750,-2.250,333.25,0.913
2026,30,54,15,25,22,5.250,-2.250,330.75,0.906
2026,30,54,15,26,22,5.750,-2.250,331.00,0.907
2026,30,54,15,27,22,6.250,-2.250,325.75,0.892
2026,30,54,15,28,22,6.750,-2.250,323.75,0.887
2026,30,54,15,29,22,7.250,-2.250,326.75,0.895
2026,30,54,15,0,23,-7.250,-1.750,323.00,0.885
2026,30,54,15,1,23,-6.750,-1.750,331.50,0.908
2026,30,54,15,2,23,-6.250,-1.750,334.00,0.915
2026,30,54,15,3,23,-5.750,-1.750,334.00,0.915
2026,30,54,15,4,23,-5.250,-1.750,335.00,0.918
2026,30,54,15,5,23,-4.750,-1.750,338.00,0.926
2026,30,54,15,6,23,-4.250,-1.750,333.75,0.914
2026,30,54,15,7,23,-3.750,-1.750,342.25,0.938
2026,30,54,15,8,23,-3.250,-1.750,340.00,0.932
2026,30,54,15,9,23,-2.750,-1.750,340.50,0.933
2026,30,54,15,10,23,-2.250,-1.750,350.25,0.960
2026,30,54,15,11,23,-1.750,-1.750,343.75,0.942
2026,30,54,15,12,23,-1.250,-1.750,342.25,0.938
2026,30,54,15,13,23,-0.750,-1.750,344.50,0.944
2026,30,54,15,14,23,-0.250,-1.750,350.00,0.959
2026,30,54,15,15,23,0.250,-1.750,344.75,0.945
2026,30,54,15,16,23,0.750,-1.750,342.50,0.938
2026,30,54,15,17,23,1.250,-1.750,349.25,0.957
2026,30,54,15,18,23,1.750,-1.750,345.00,0.945
2026,30,54,15,19,23,2.250,-1.750,340.75,0.934
2026,30,54,15,20,23,2.750,-1.750,340.25,0.932
2026,30,54,15,21,23,3.250,-1.750,348.00,0.953
2026,30,54,15,22,23,3.750,-1.750,339.50,0.930
2026,30,54,15,23,23,4.250,-1.750,336.75,0.923
2026,30,54,15,24,23,4.750,-1.750,338.50,0.927
2026,30,54,15,25,23,5.250,-1.750,332.00,0.910
2026,30,54,15,26,23,5.750,-1.750,335.00,0.918
2026,30,54,15,27,23,6.250,-1.750,331.00,0.907
2026,30,54,15,28,23,6.750,-1.750,327.00,0.896
2026,30,54,15,29,23,7.250,-1.750,330.75,0.906
2026,30,54,15,0,24,-7.250,-1.250,326.75,0.895
2026,30,54,15,1,24,-6.750,-1.250,334.75,0.917
2026,30,54,15,2,24,-6.250,-1.250,337.75,0.925
2026,30,54,15,3,24,-5.750,-1.250,336.25,0.921
2026,30,54,15,4,24,-5.250,-1.250,339.00,0.929
2026,30,54,15,5,24,-4.750,-1.250,341.25,0.935
2026,30,54,15,6,24,-4.250,-1.250,338.00,0.926
2026,30,54,15,7,24,-3.750,-1.250,345.50,0.947
2026,30,54,15,8,24,-3.250,-1.250,343.25,0.940
2026,30,54,15,9,24,-2.750,-1.250,344.50,0.944
2026,30,54,15,10,24,-2.250,-1.250,353.00,0.967
2026,30,54,15,11,24,-1.750,-1.250,347.25,0.951
2026,30,54,15,12,24,-1.250,-1.250,344.75,0.945
2026,30,54,15,13,24,-0.750,-1.250,347.50,0.952
2026,30,54,15,14,24,-0.250,-1.250,354.75,0.972
2026,30,54,15,15,24,0.250,-1.250,347.00,0.951
2026,30,54,15,16,24,0.750,-1.250,345.00,0.945
2026,30,54,15,17,24,1.250,-1.250,353.50,0.968
2026,30,54,15,18,24,1.750,-1.250,349.00,0.956
2026,30,54,15,19,24,2.250,-1.250,343.00,0.940
2026,30,54,15,20,24,2.750,-1.250,343.75,0.942
2026,30,54,15,21,24,3.250,-1.250,351.00,0.962
2026,30,54,15,22,24,3.750,-1.250,343.75,0.942
2026,30,54,15,23,24,4.250,-1.250,340.00,0.932
2026,30,54,15,24,24,4.750,-1.250,342.25,0.938
2026,30,54,15,25,24,5.250,-1.250,335.75,0.920
2026,30,54,15,26,24,5.750,-1.250,337.75,0.925
2026,30,54,15,27,24,6.250,-1.250,334.75,0.917
2026,30,54,15,28,24,6.750,-1.250,330.75,0.906
2026,30,54,15,29,24,7.250,-1.250,334.75,0.917
2026,30,54,15,0,25,-7.250,-0.750,330.50,0.905
2026,30,54,15,1,25,-6.750,-0.750,337.50,0.925
2026,30,54,15,2,25,-6.250,-0.750,342.00,0.937
2026,30,54,15,3,25,-5.750,-0.750,337.25,0.924
2026,30,54,15,4,25,-5.250,-0.750,342.75,0.939
2026,30,54,15,5,25,-4.750,-0.750,344.50,0.944
2026,30,54,15,6,25,-4.250,-0.750,342.00,0.937
2026,30,54,15,7,25,-3.750,-0.750,348.75,0.955
2026,30,54,15,8,25,-3.250,-0.750,346.25,0.949
2026,30,54,15,9,25,-2.750,-0.750,349.50,0.958
2026,30,54,15,10,25,-2.250,-0.750,354.00,0.970
2026,30,54,15,11,25,-1.750,-0.750,350.50,0.960
2026,30,54,15,12,25,-1.250,-0.750,348.00,0.953
2026,30,54,15,13,25,-0.750,-0.750,349.75,0.958
2026,30,54,15,14,25,-0.250,-0.750,357.50,0.979
2026,30,54,15,15,25,0.250,-0.750,349.50,0.958
2026,30,54,15,16,25,0.750,-0.750,347.25,0.951
2026,30,54,15,17,25,1.250,-0.750,357.25,0.979
2026,30,54,15,18,25,1.750,-0.750,350.25,0.960
2026,30,54,15,19,25,2.250,-0.750,347.00,0.951
2026,30,54,15,20,25,2.750,-0.750,346.50,0.949
2026,30,54,15,21,25,3.250,-0.750,353.25,0.968
2026,30,54,15,22,25,3.750,-0.750,347.75,0.953
2026,30,54,15,23,25,4.250,-0.750,343.25,0.940
2026,30,54,15,24,25,4.750,-0.750,345.50,0.947
2026,30,54,15,25,25,5.250,-0.750,340.25,0.932
2026,30,54,15,26,25,5.750,-0.750,341.50,0.936
2026,30,54,15,27,25,6.250,-0.750,338.50,0.927
2026,30,54,15,28,25,6.750,-0.750,333.50,0.914
2026,30,54,15,29,25,7.250,-0.750,338.00,0.926
2026,30,54,15,0,26,-7.250,-0.250,334.75,0.917
2026,30,54,15,1,26,-6.750,-0.250,341.75,0.936
2026,30,54,15,2,26,-6.250,-0.250,346.75,0.950
2026,30,54,15,3,26,-5.750,-0.250,341.50,0.936
2026,30,54,15,4,26,-5.250,-0.250,346.75,0.950
2026,30,54,15,5,26,-4.750,-0.250,349.50,0.958
2026,30,54,15,6,26,-4.250,-0.250,347.25,0.951
2026,30,54,15,7,26,-3.750,-0.250,352.00,0.964
2026,30,54,15,8,26,-3.250,-0.250,351.50,0.963
2026,30,54,15,9,26,-2.750,-0.250,353.75,0.969
2026,30,54,15,10,26,-2.250,-0.250,354.50,0.971
2026,30,54,15,11,26,-1.750,-0.250,355.00,0.973
2026,30,54,15,12,26,-1.250,-0.250,353.50,0.968
2026,30,54,15,13,26,-0.750,-0.250,354.00,0.970
2026,30,54,15,14,26,-0.250,-0.250,360.50,0.988
2026,30,54,15,15,26,0.250,-0.250,354.50,0.971
2026,30,54,15,16,26,0.750,-0.250,353.75,0.969
2026,30,54,15,17,26,1.250,-0.250,360.25,0.987
2026,30,54,15,18,26,1.750,-0.250,353.00,0.967
2026,30,54,15,19,26,2.250,-0.250,353.25,0.968
2026,30,54,15,20,26,2.750,-0.250,351.25,0.962
2026,30,54,15,21,26,3.250,-0.250,351.75,0.964
2026,30,54,15,22,26,3.750,-0.250,353.00,0.967
2026,30,54,15,23,26,4.250,-0.250,349.75,0.958
2026,30,54,15,24,26,4.750,-0.250,350.00,0.959
2026,30,54,15,25,26,5.250,-0.250,344.75,0.945
2026,30,54,15,26,26,5.750,-0.250,346.25,0.949
2026,30,54,15,27,26,6.250,-0.250,343.25,0.940
2026,30,54,15,28,26,6.750,-0.250,336.75,0.923
2026,30,54,15,29,26,7.250,-0.250,342.25,0.938
2026,30,54,15,0,27,-7.250,0.250,337.75,0.925
2026,30,54,15,1,27,-6.750,0.250,344.75,0.945
2026,30,54,15,2,27,-6.250,0.250,349.75,0.958
2026,30,54,15,3,27,-5.750,0.250,344.25,0.943
2026,30,54,15,4,27,-5.250,0.250,349.25,0.957
2026,30,54,15,5,27,-4.750,0.250,351.75,0.964
2026,30,54,15,6,27,-4.250,0.250,350.25,0.960
2026,30,54,15,7,27,-3.750,0.250,348.00,0.953
2026,30,54,15,8,27,-3.250,0.250,355.75,0.975
2026,30,54,15,9,27,-2.750,0.250,355.75,0.975
2026,30,54,15,10,27,-2.250,0.250,357.25,0.979
2026,30,54,15,11,27,-1.750,0.250,357.75,0.980
2026,30,54,15,12,27,-1.250,0.250,357.25,0.979
2026,30,54,15,13,27,-0.750,0.250,356.75,0.977
2026,30,54,15,14,27,-0.250,0.250,359.75,0.986
2026,30,54,15,15,27,0.250,0.250,358.75,0.983
2026,30,54,15,16,27,0.750,0.250,357.25,0.979
2026,30,54,15,17,27,1.250,0.250,361.00,0.989
2026,30,54,15,18,27,1.750,0.250,355.25,0.973
2026,30,54,15,19,27,2.250,0.250,356.25,0.976
2026,30,54,15,20,27,2.750,0.250,355.00,0.973
2026,30,54,15,21,27,3.250,0.250,353.25,0.968
2026,30,54,15,22,27,3.750,0.250,355.50,0.974
2026,30,54,15,23,27,4.250,0.250,352.50,0.966
2026,30,54,15,24,27,4.750,0.250,351.25,0.962
2026,30,54,15,25,27,5.250,0.250,347.00,0.951
2026,30,54,15,26,27,5.750,0.250,348.50,0.955
2026,30,54,15,27,27,6.250,0.250,345.25,0.946
2026,30,54,15,28,27,6.750,0.250,341.00,0.934
2026,30,54,15,29,27,7.250,0.250,345.00,0.945
2026,30,54,15,0,28,-7.250,0.750,342.00,0.937
2026,30,54,15,1,28,-6.750,0.750,348.75,0.955
2026,30,54,15,2,28,-6.250,0.750,354.50,0.971
2026,30,54,15,3,28,-5.750,0.750,349.25,0.957
2026,30,54,15,4,28,-5.250,0.750,352.75,0.966
2026,30,54,15,5,28,-4.750,0.750,356.50,0.977
2026,30,54,15,6,28,-4.250,0.750,355.75,0.975
2026,30,54,15,7,28,-3.750,0.750,353.00,0.967
2026,30,54,15,8,28,-3.250,0.750,361.75,0.991
2026,30,54,15,9,28,-2.750,0.750,360.25,0.987
2026,30,54,15,10,28,-2.250,0.750,362.25,0.992
2026,30,54,15,11,28,-1.750,0.750,360.50,0.988
2026,30,54,15,12,28,-1.250,0.750,363.25,0.995
2026,30,54,15,13,28,-0.750,0.750,361.00,0.989
2026,30,54,15,14,28,-0.250,0.750,362.00,0.992
2026,30,54,15,15,28,0.250,0.750,363.00,0.995
2026,30,54,15,16,28,0.750,0.750,362.75,0.994
2026,30,54,15,17,28,1.250,0.750,363.75,0.997
2026,30,54,15,18,28,1.750,0.750,359.75,0.986
2026,30,54,15,19,28,2.250,0.750,360.50,0.988
2026,30,54,15,20,28,2.750,0.750,361.00,0.989
2026,30,54,15,21,28,3.250,0.750,358.00,0.981
2026,30,54,15,22,28,3.750,0.750,360.50,0.988
2026,30,54,15,23,28,4.250,0.750,356.75,0.977
2026,30,54,15,24,28,4.750,0.750,353.75,0.969
2026,30,54,15,25,28,5.250,0.750,350.75,0.961
2026,30,54,15,26,28,5.750,0.750,353.00,0.967
2026,30,54,15,27,28,6.250,0.750,348.25,0.954
2026,30,54,15,28,28,6.750,0.750,345.00,0.945
2026,30,54,15,29,28,7.250,0.750,349.00,0.956
2026,30,54,15,0,29,-7.250,1.250,344.75,0.945
2026,30,54,15,1,29,-6.750,1.250,351.25,0.962
2026,30,54,15,2,29,-6.250,1.250,357.00,0.978
2026,30,54,15,3,29,-5.750,1.250,353.75,0.969
2026,30,54,15,4,29,-5.250,1.250,354.50,0.971
2026,30,54,15,5,29,-4.750,1.250,359.25,0.984
2026,30,54,15,6,29,-4.250,1.250,358.25,0.982
2026,30,54,15,7,29,-3.750,1.250,357.00,0.978
2026,30,54,15,8,29,-3.250,1.250,364.25,0.998
2026,30,54,15,9,29,-2.750,1.250,362.25,0.992
2026,30,54,15,10,29,-2.250,1.250,365.25,1.001
2026,30,54,15,11,29,-1.750,1.250,359.50,0.985
2026,30,54,15,12,29,-1.250,1.250,366.50,1.004
2026,30,54,15,13,29,-0.750,1.250,362.75,0.994
2026,30,54,15,14,29,-0.250,1.250,366.50,1.004
2026,30,54,15,15,29,0.250,1.250,364.50,0.999
2026,30,54,15,16,29,0.750,1.250,367.00,1.005
2026,30,54,15,17,29,1.250,1.250,365.00,1.000
2026,30,54,15,18,29,1.750,1.250,362.25,0.992
2026,30,54,15,19,29,2.250,1.250,362.75,0.994
2026,30,54,15,20,29,2.750,1.250,364.50,0.999
2026,30,54,15,21,29,3.250,1.250,362.00,0.992
2026,30,54,15,22,29,3.750,1.250,363.00,0.995
2026,30,54,15,23,29,4.250,1.250,359.00,0.984
2026,30,54,15,24,29,4.750,1.250,355.00,0.973
2026,30,54,15,25,29,5.250,1.250,355.00,0.973
2026,30,54,15,26,29,5.750,1.250,355.75,0.975
2026,30,54,15,27,29,6.250,1.250,350.75,0.961
2026,30,54,15,28,29,6.750,1.250,348.25,0.954
2026,30,54,15,29,29,7.250,1.250,353.25,0.968
2026,30,54,15,0,30,-7.250,1.750,349.00,0.956
2026,30,54,15,1,30,-6.750,1.750,355.00,0.973
2026,30,54,15,2,30,-6.250,1.750,361.75,0.991
2026,30,54,15,3,30,-5.750,1.750,357.25,0.979
2026,30,54,15,4,30,-5.250,1.750,357.25,0.979
2026,30,54,15,5,30,-4.750,1.750,363.00,0.995
2026,30,54,15,6,30,-4.250,1.750,363.25,0.995
2026,30,54,15,7,30,-3.750,1.750,362.50,0.993
2026,30,54,15,8,30,-3.250,1.750,365.25,1.001
2026,30,54,15,9,30,-2.750,1.750,366.75,1.005
2026,30,54,15,10,30,-2.250,1.750,371.75,1.018
2026,30,54,15,11,30,-1.750,1.750,364.75,0.999
2026,30,54,15,12,30,-1.250,1.750,370.75,1.016
2026,30,54,15,13,30,-0.750,1.750,366.00,1.003
2026,30,54,15,14,30,-0.250,1.750,373.00,1.022
2026,30,54,15,15,30,0.250,1.750,366.25,1.003
2026,30,54,15,16,30,0.750,1.750,370.25,1.014
2026,30,54,15,17,30,1.250,1.750,371.00,1.016
2026,30,54,15,18,30,1.750,1.750,368.50,1.010
2026,30,54,15,19,30,2.250,1.750,366.50,1.004
2026,30,54,15,20,30,2.750,1.750,362.00,0.992
2026,30,54,15,21,30,3.250,1.750,367.50,1.007
2026,30,54,15,22,30,3.750,1.750,368.75,1.010
2026,30,54,15,23,30,4.250,1.750,363.00,0.995
2026,30,54,15,24,30,4.750,1.750,358.75,0.983
2026,30,54,15,25,30,5.250,1.750,361.00,0.989
2026,30,54,15,26,30,5.750,1.750,360.75,0.988
2026,30,54,15,27,30,6.250,1.750,354.25,0.971
2026,30,54,15,28,30,6.750,1.750,351.75,0.964
2026,30,54,15,29,30,7.250,1.750,356.75,0.977
2026,30,54,15,0,31,-7.250,2.250,351.25,0.962
2026,30,54,15,1,31,-6.750,2.250,358.00,0.981
2026,30,54,15,2,31,-6.250,2.250,366.00,1.003
2026,30,54,15,3,31,-5.750,2.250,360.00,0.986
2026,30,54,15,4,31,-5.250,2.250,358.50,0.982
2026,30,54,15,5,31,-4.750,2.250,364.50,0.999
2026,30,54,15,6,31,-4.250,2.250,366.50,1.004
2026,30,54,15,7,31,-3.750,2.250,364.50,0.999
2026,30,54,15,8,31,-3.250,2.250,363.25,0.995
2026,30,54,15,9,31,-2.750,2.250,368.25,1.009
2026,30,54,15,10,31,-2.250,2.250,375.00,1.027
2026,30,54,15,11,31,-1.750,2.250,367.75,1.008
2026,30,54,15,12,31,-1.250,2.250,369.75,1.013
2026,30,54,15,13,31,-0.750,2.250,368.75,1.010
2026,30,54,15,14,31,-0.250,2.250,376.25,1.031
2026,30,54,15,15,31,0.250,2.250,369.00,1.011
2026,30,54,15,16,31,0.750,2.250,368.00,1.008
2026,30,54,15,17,31,1.250,2.250,373.75,1.024
2026,30,54,15,18,31,1.750,2.250,372.25,1.020
2026,30,54,15,19,31,2.250,2.250,367.75,1.008
2026,30,54,15,20,31,2.750,2.250,363.25,0.995
2026,30,54,15,21,31,3.250,2.250,370.50,1.015
2026,30,54,15,22,31,3.750,2.250,373.00,1.022
2026,30,54,15,23,31,4.250,2.250,364.00,0.997
2026,30,54,15,24,31,4.750,2.250,360.25,0.987
2026,30,54,15,25,31,5.250,2.250,363.50,0.996
2026,30,54,15,26,31,5.750,2.250,364.50,0.999
2026,30,54,15,27,31,6.250,2.250,356.50,0.977
2026,30,54,15,28,31,6.750,2.250,354.00,0.970
2026,30,54,15,29,31,7.250,2.250,359.00,0.984
2026,30,54,15,0,32,-7.250,2.750,356.50,0.977
2026,30,54,15,1,32,-6.750,2.750,363.75,0.997
2026,30,54,15,2,32,-6.250,2.750,370.00,1.014
2026,30,54,15,3,32,-5.750,2.750,364.75,0.999
2026,30,54,15,4,32,-5.250,2.750,363.50,0.996
2026,30,54,15,5,32,-4.750,2.750,370.00,1.014
2026,30,54,15,6,32,-4.250,2.750,373.50,1.023
2026,30,54,15,7,32,-3.750,2.750,369.75,1.013
2026,30,54,15,8,32,-3.250,2.750,368.00,1.008
2026,30,54,15,9,32,-2.750,2.750,375.75,1.029
2026,30,54,15,10,32,-2.250,2.750,382.25,1.047
2026,30,54,15,11,32,-1.750,2.750,373.75,1.024
2026,30,54,15,12,32,-1.250,2.750,369.25,1.012
2026,30,54,15,13,32,-0.750,2.750,376.00,1.030
2026,30,54,15,14,32,-0.250,2.750,384.00,1.052
2026,30,54,15,15,32,0.250,2.750,376.50,1.032
2026,30,54,15,16,32,0.750,2.750,369.25,1.012
2026,30,54,15,17,32,1.250,2.750,380.50,1.042
2026,30,54,15,18,32,1.750,2.750,379.75,1.040
2026,30,54,15,19,32,2.250,2.750,375.00,1.027
2026,30,54,15,20,32,2.750,2.750,367.25,1.006
2026,30,54,15,21,32,3.250,2.750,377.00,1.033
2026,30,54,15,22,32,3.750,2.750,380.25,1.042
2026,30,54,15,23,32,4.250,2.750,368.50,1.010
2026,30,54,15,24,32,4.750,2.750,364.75,0.999
2026,30,54,15,25,32,5.250,2.750,367.75,1.008
2026,30,54,15,26,32,5.750,2.750,370.75,1.016
2026,30,54,15,27,32,6.250,2.750,362.25,0.992
2026,30,54,15,28,32,6.750,2.750,358.50,0.982
2026,30,54,15,29,32,7.250,2.750,363.25,0.995
2026,30,54,15,0,33,-7.250,3.250,359.50,0.985
2026,30,54,15,1,33,-6.750,3.250,366.00,1.003
2026,30,54,15,2,33,-6.250,3.250,371.25,1.017
2026,30,54,15,3,33,-5.750,3.250,366.50,1.004
2026,30,54,15,4,33,-5.250,3.250,365.50,1.001
2026,30,54,15,5,33,-4.750,3.250,372.50,1.021
2026,30,54,15,6,33,-4.250,3.250,375.75,1.029
2026,30,54,15,7,33,-3.750,3.250,371.00,1.016
2026,30,54,15,8,33,-3.250,3.250,369.75,1.013
2026,30,54,15,9,33,-2.750,3.250,377.50,1.034
2026,30,54,15,10,33,-2.250,3.250,385.25,1.055
2026,30,54,15,11,33,-1.750,3.250,374.50,1.026
2026,30,54,15,12,33,-1.250,3.250,371.25,1.017
2026,30,54,15,13,33,-0.750,3.250,378.75,1.038
2026,30,54,15,14,33,-0.250,3.250,387.50,1.062
2026,30,54,15,15,33,0.250,3.250,377.25,1.034
2026,30,54,15,16,33,0.750,3.250,371.00,1.016
2026,30,54,15,17,33,1.250,3.250,383.25,1.050
2026,30,54,15,18,33,1.750,3.250,383.50,1.051
2026,30,54,15,19,33,2.250,3.250,377.50,1.034
2026,30,54,15,20,33,2.750,3.250,368.50,1.010
2026,30,54,15,21,33,3.250,3.250,377.50,1.034
2026,30,54,15,22,33,3.750,3.250,383.25,1.050
2026,30,54,15,23,33,4.250,3.250,369.75,1.013
2026,30,54,15,24,33,4.750,3.250,366.25,1.003
2026,30,54,15,25,33,5.250,3.250,369.00,1.011
2026,30,54,15,26,33,5.750,3.250,371.75,1.018
2026,30,54,15,27,33,6.250,3.250,365.25,1.001
2026,30,54,15,28,33,6.750,3.250,361.25,0.990
2026,30,54,15,29,33,7.250,3.250,364.00,0.997
2026,30,54,15,0,34,-7.250,3.750,363.00,0.995
2026,30,54,15,1,34,-6.750,3.750,367.50,1.007
2026,30,54,15,2,34,-6.250,3.750,372.50,1.021
2026,30,54,15,3,34,-5.750,3.750,367.50,1.007
2026,30,54,15,4,34,-5.250,3.750,368.75,1.010
2026,30,54,15,5,34,-4.750,3.750,374.50,1.026
2026,30,54,15,6,34,-4.250,3.750,377.50,1.034
2026,30,54,15,7,34,-3.750,3.750,371.75,1.018
2026,30,54,15,8,34,-3.250,3.750,372.75,1.021
2026,30,54,15,9,34,-2.750,3.750,378.00,1.036
2026,30,54,15,10,34,-2.250,3.750,388.00,1.063
2026,30,54,15,11,34,-1.750,3.750,375.00,1.027
2026,30,54,15,12,34,-1.250,3.750,374.25,1.025
2026,30,54,15,13,34,-0.750,3.750,375.50,1.029
2026,30,54,15,14,34,-0.250,3.750,391.00,1.071
2026,30,54,15,15,34,0.250,3.750,376.00,1.030
2026,30,54,15,16,34,0.750,3.750,374.00,1.025
2026,30,54,15,17,34,1.250,3.750,382.50,1.048
2026,30,54,15,18,34,1.750,3.750,386.75,1.060
2026,30,54,15,19,34,2.250,3.750,374.50,1.026
2026,30,54,15,20,34,2.750,3.750,371.50,1.018
2026,30,54,15,21,34,3.250,3.750,378.00,1.036
2026,30,54,15,22,34,3.750,3.750,386.25,1.058
2026,30,54,15,23,34,4.250,3.750,372.00,1.019
2026,30,54,15,24,34,4.750,3.750,369.50,1.012
2026,30,54,15,25,34,5.250,3.750,370.25,1.014
2026,30,54,15,26,34,5.750,3.750,372.75,1.021
2026,30,54,15,27,34,6.250,3.750,368.00,1.008
2026,30,54,15,28,34,6.750,3.750,364.75,0.999
2026,30,54,15,29,34,7.250,3.750,366.25,1.003
2026,30,54,15,0,35,-7.250,4.250,370.50,1.015
2026,30,54,15,1,35,-6.750,4.250,372.50,1.021
2026,30,54,15,2,35,-6.250,4.250,377.00,1.033
2026,30,54,15,3,35,-5.750,4.250,374.25,1.025
2026,30,54,15,4,35,-5.250,4.250,376.00,1.030
2026,30,54,15,5,35,-4.750,4.250,381.00,1.044
2026,30,54,15,6,35,-4.250,4.250,382.00,1.047
2026,30,54,15,7,35,-3.750,4.250,377.75,1.035
2026,30,54,15,8,35,-3.250,4.250,379.50,1.040
2026,30,54,15,9,35,-2.750,4.250,383.25,1.050
2026,30,54,15,10,35,-2.250,4.250,393.50,1.078
2026,30,54,15,11,35,-1.750,4.250,380.25,1.042
2026,30,54,15,12,35,-1.250,4.250,381.25,1.045
2026,30,54,15,13,35,-0.750,4.250,382.50,1.048
2026,30,54,15,14,35,-0.250,4.250,399.00,1.093
2026,30,54,15,15,35,0.250,4.250,382.25,1.047
2026,30,54,15,16,35,0.750,4.250,381.00,1.044
2026,30,54,15,17,35,1.250,4.250,386.75,1.060
2026,30,54,15,18,35,1.750,4.250,394.75,1.082
2026,30,54,15,19,35,2.250,4.250,381.75,1.046
2026,30,54,15,20,35,2.750,4.250,378.25,1.036
2026,30,54,15,21,35,3.250,4.250,383.00,1.049
2026,30,54,15,22,35,3.750,4.250,391.75,1.073
2026,30,54,15,23,35,4.250,4.250,379.00,1.038
2026,30,54,15,24,35,4.750,4.250,376.75,1.032
2026,30,54,15,25,35,5.250,4.250,376.00,1.030
2026,30,54,15,26,35,5.750,4.250,376.75,1.032
2026,30,54,15,27,35,6.250,4.250,374.00,1.025
2026,30,54,15,28,35,6.750,4.250,371.75,1.018
2026,30,54,15,29,35,7.250,4.250,373.50,1.023
2026,30,54,15,0,36,-7.250,4.750,372.25,1.020
2026,30,54,15,1,36,-6.750,4.750,373.75,1.024
2026,30,54,15,2,36,-6.250,4.750,378.50,1.037
2026,30,54,15,3,36,-5.750,4.750,377.50,1.034
2026,30,54,15,4,36,-5.250,4.750,379.00,1.038
2026,30,54,15,5,36,-4.750,4.750,382.25,1.047
2026,30,54,15,6,36,-4.250,4.750,382.25,1.047
2026,30,54,15,7,36,-3.750,4.750,380.50,1.042
2026,30,54,15,8,36,-3.250,4.750,382.75,1.049
2026,30,54,15,9,36,-2.750,4.750,386.25,1.058
2026,30,54,15,10,36,-2.250,4.750,394.25,1.080
2026,30,54,15,11,36,-1.750,4.750,383.00,1.049
2026,30,54,15,12,36,-1.250,4.750,384.25,1.053
2026,30,54,15,13,36,-0.750,4.750,385.50,1.056
2026,30,54,15,14,36,-0.250,4.750,400.75,1.098
2026,30,54,15,15,36,0.250,4.750,385.25,1.055
2026,30,54,15,16,36,0.750,4.750,383.75,1.051
2026,30,54,15,17,36,1.250,4.750,389.50,1.067
2026,30,54,15,18,36,1.750,4.750,396.50,1.086
2026,30,54,15,19,36,2.250,4.750,384.75,1.054
2026,30,54,15,20,36,2.750,4.750,381.50,1.045
2026,30,54,15,21,36,3.250,4.750,385.75,1.057
2026,30,54,15,22,36,3.750,4.750,390.00,1.068
2026,30,54,15,23,36,4.250,4.750,382.00,1.047
2026,30,54,15,24,36,4.750,4.750,379.50,1.040
2026,30,54,15,25,36,5.250,4.750,379.25,1.039
2026,30,54,15,26,36,5.750,4.750,377.25,1.034
2026,30,54,15,27,36,6.250,4.750,375.00,1.027
2026,30,54,15,28,36,6.750,4.750,375.00,1.027
2026,30,54,15,29,36,7.250,4.750,376.50,1.032
2026,30,54,15,0,37,-7.250,5.250,374.25,1.025
2026,30,54,15,1,37,-6.750,5.250,375.25,1.028
2026,30,54,15,2,37,-6.250,5.250,380.50,1.042
2026,30,54,15,3,37,-5.750,5.250,380.75,1.043
2026,30,54,15,4,37,-5.250,5.250,382.00,1.047
2026,30,54,15,5,37,-4.750,5.250,383.50,1.051
2026,30,54,15,6,37,-4.250,5.250,382.75,1.049
2026,30,54,15,7,37,-3.750,5.250,383.75,1.051
2026,30,54,15,8,37,-3.250,5.250,385.75,1.057
2026,30,54,15,9,37,-2.750,5.250,388.75,1.065
2026,30,54,15,10,37,-2.250,5.250,392.25,1.075
2026,30,54,15,11,37,-1.750,5.250,386.00,1.058
2026,30,54,15,12,37,-1.250,5.250,387.50,1.062
2026,30,54,15,13,37,-0.750,5.250,388.50,1.064
2026,30,54,15,14,37,-0.250,5.250,394.25,1.080
2026,30,54,15,15,37,0.250,5.250,388.25,1.064
2026,30,54,15,16,37,0.750,5.250,387.00,1.060
2026,30,54,15,17,37,1.250,5.250,392.50,1.075
2026,30,54,15,18,37,1.750,5.250,389.50,1.067
2026,30,54,15,19,37,2.250,5.250,387.50,1.062
2026,30,54,15,20,37,2.750,5.250,384.50,1.053
2026,30,54,15,21,37,3.250,5.250,389.00,1.066
2026,30,54,15,22,37,3.750,5.250,389.00,1.066
2026,30,54,15,23,37,4.250,5.250,383.50,1.051
2026,30,54,15,24,37,4.750,5.250,382.75,1.049
2026,30,54,15,25,37,5.250,5.250,382.50,1.048
2026,30,54,15,26,37,5.750,5.250,378.75,1.038
2026,30,54,15,27,37,6.250,5.250,375.75,1.029
2026,30,54,15,28,37,6.750,5.250,377.50,1.034
2026,30,54,15,29,37,7.250,5.250,379.75,1.040
2026,30,54,15,0,38,-7.250,5.750,376.50,1.032
2026,30,54,15,1,38,-6.750,5.750,377.25,1.034
2026,30,54,15,2,38,-6.250,5.750,383.75,1.051
2026,30,54,15,3,38,-5.750,5.750,384.75,1.054
2026,30,54,15,4,38,-5.250,5.750,385.00,1.055
2026,30,54,15,5,38,-4.750,5.750,385.75,1.057
2026,30,54,15,6,38,-4.250,5.750,385.75,1.057
2026,30,54,15,7,38,-3.750,5.750,387.75,1.062
2026,30,54,15,8,38,-3.250,5.750,390.00,1.068
2026,30,54,15,9,38,-2.750,5.750,391.00,1.071
2026,30,54,15,10,38,-2.250,5.750,392.75,1.076
2026,30,54,15,11,38,-1.750,5.750,390.25,1.069
2026,30,54,15,12,38,-1.250,5.750,391.50,1.073
2026,30,54,15,13,38,-0.750,5.750,392.75,1.076
2026,30,54,15,14,38,-0.250,5.750,397.50,1.089
2026,30,54,15,15,38,0.250,5.750,392.25,1.075
2026,30,54,15,16,38,0.750,5.750,391.00,1.071
2026,30,54,15,17,38,1.250,5.750,396.75,1.087
2026,30,54,15,18,38,1.750,5.750,393.25,1.077
2026,30,54,15,19,38,2.250,5.750,391.50,1.073
2026,30,54,15,20,38,2.750,5.750,388.75,1.065
2026,30,54,15,21,38,3.250,5.750,393.00,1.077
2026,30,54,15,22,38,3.750,5.750,391.00,1.071
2026,30,54,15,23,38,4.250,5.750,385.25,1.055
2026,30,54,15,24,38,4.750,5.750,387.00,1.060
2026,30,54,15,25,38,5.250,5.750,386.75,1.060
2026,30,54,15,26,38,5.750,5.750,382.00,1.047
2026,30,54,15,27,38,6.250,5.750,377.00,1.033
2026,30,54,15,28,38,6.750,5.750,379.75,1.040
2026,30,54,15,29,38,7.250,5.750,383.50,1.051
2026,30,54,15,0,39,-7.250,6.250,379.50,1.040
2026,30,54,15,1,39,-6.750,6.250,381.50,1.045
2026,30,54,15,2,39,-6.250,6.250,388.00,1.063
2026,30,54,15,3,39,-5.750,6.250,389.00,1.066
2026,30,54,15,4,39,-5.250,6.250,388.50,1.064
2026,30,54,15,5,39,-4.750,6.250,388.75,1.065
2026,30,54,15,6,39,-4.250,6.250,389.50,1.067
2026,30,54,15,7,39,-3.750,6.250,393.00,1.077
2026,30,54,15,8,39,-3.250,6.250,395.25,1.083
2026,30,54,15,9,39,-2.750,6.250,393.75,1.079
2026,30,54,15,10,39,-2.250,6.250,397.75,1.090
2026,30,54,15,11,39,-1.750,6.250,396.00,1.085
2026,30,54,15,12,39,-1.250,6.250,397.25,1.088
2026,30,54,15,13,39,-0.750,6.250,396.50,1.086
2026,30,54,15,14,39,-0.250,6.250,403.50,1.105
2026,30,54,15,15,39,0.250,6.250,398.00,1.090
2026,30,54,15,16,39,0.750,6.250,397.00,1.088
2026,30,54,15,17,39,1.250,6.250,402.50,1.103
2026,30,54,15,18,39,1.750,6.250,398.00,1.090
2026,30,54,15,19,39,2.250,6.250,393.00,1.077
2026,30,54,15,20,39,2.750,6.250,394.00,1.079
2026,30,54,15,21,39,3.250,6.250,398.50,1.092
2026,30,54,15,22,39,3.750,6.250,395.50,1.084
2026,30,54,15,23,39,4.250,6.250,388.00,1.063
2026,30,54,15,24,39,4.750,6.250,390.75,1.071
2026,30,54,15,25,39,5.250,6.250,391.25,1.072
2026,30,54,15,26,39,5.750,6.250,386.00,1.058
2026,30,54,15,27,39,6.250,6.250,381.00,1.044
2026,30,54,15,28,39,6.750,6.250,382.50,1.048
2026,30,54,15,29,39,7.250,6.250,386.50,1.059
2026,30,54,15,0,40,-7.250,6.750,381.75,1.046
2026,30,54,15,1,40,-6.750,6.750,384.50,1.053
2026,30,54,15,2,40,-6.250,6.750,391.50,1.073
2026,30,54,15,3,40,-5.750,6.750,391.25,1.072
2026,30,54,15,4,40,-5.250,6.750,390.50,1.070
2026,30,54,15,5,40,-4.750,6.750,391.75,1.073
2026,30,54,15,6,40,-4.250,6.750,392.75,1.076
2026,30,54,15,7,40,-3.750,6.750,395.25,1.083
2026,30,54,15,8,40,-3.250,6.750,397.50,1.089
2026,30,54,15,9,40,-2.750,6.750,396.00,1.085
2026,30,54,15,10,40,-2.250,6.750,400.75,1.098
2026,30,54,15,11,40,-1.750,6.750,398.00,1.090
2026,30,54,15,12,40,-1.250,6.750,400.50,1.097
2026,30,54,15,13,40,-0.750,6.750,396.00,1.085
2026,30,54,15,14,40,-0.250,6.750,406.50,1.114
2026,30,54,15,15,40,0.250,6.750,395.75,1.084
2026,30,54,15,16,40,0.750,6.750,400.50,1.097
2026,30,54,15,17,40,1.250,6.750,406.00,1.112
2026,30,54,15,18,40,1.750,6.750,401.00,1.099
2026,30,54,15,19,40,2.250,6.750,394.50,1.081
2026,30,54,15,20,40,2.750,6.750,398.00,1.090
2026,30,54,15,21,40,3.250,6.750,401.75,1.101
2026,30,54,15,22,40,3.750,6.750,399.25,1.094
2026,30,54,15,23,40,4.250,6.750,391.50,1.073
2026,30,54,15,24,40,4.750,6.750,392.50,1.075
2026,30,54,15,25,40,5.250,6.750,394.50,1.081
2026,30,54,15,26,40,5.750,6.750,389.50,1.067
2026,30,54,15,27,40,6.250,6.750,384.25,1.053
2026,30,54,15,28,40,6.750,6.750,385.00,1.055
2026,30,54,15,29,40,7.250,6.750,388.50,1.064
2026,30,54,15,0,41,-7.250,7.250,385.00,1.055
2026,30,54,15,1,41,-6.750,7.250,388.00,1.063
2026,30,54,15,2,41,-6.250,7.250,394.75,1.082
2026,30,54,15,3,41,-5.750,7.250,393.00,1.077
2026,30,54,15,4,41,-5.250,7.250,392.75,1.076
2026,30,54,15,5,41,-4.750,7.250,395.25,1.083
2026,30,54,15,6,41,-4.250,7.250,396.00,1.085
2026,30,54,15,7,41,-3.750,7.250,397.75,1.090
2026,30,54,15,8,41,-3.250,7.250,399.00,1.093
2026,30,54,15,9,41,-2.750,7.250,398.75,1.092
2026,30,54,15,10,41,-2.250,7.250,403.50,1.105
2026,30,54,15,11,41,-1.750,7.250,398.25,1.091
2026,30,54,15,12,41,-1.250,7.250,403.75,1.106
2026,30,54,15,13,41,-0.750,7.250,398.50,1.092
2026,30,54,15,14,41,-0.250,7.250,409.50,1.122
2026,30,54,15,15,41,0.250,7.250,398.50,1.092
2026,30,54,15,16,41,0.750,7.250,403.50,1.105
2026,30,54,15,17,41,1.250,7.250,403.50,1.105
2026,30,54,15,18,41,1.750,7.250,404.00,1.107
2026,30,54,15,19,41,2.250,7.250,397.50,1.089
2026,30,54,15,20,41,2.750,7.250,399.25,1.094
2026,30,54,15,21,41,3.250,7.250,402.75,1.103
2026,30,54,15,22,41,3.750,7.250,402.00,1.101
2026,30,54,15,23,41,4.250,7.250,395.00,1.082
2026,30,54,15,24,41,4.750,7.250,393.50,1.078
2026,30,54,15,25,41,5.250,7.250,396.25,1.086
2026,30,54,15,26,41,5.750,7.250,392.75,1.076
2026,30,54,15,27,41,6.250,7.250,387.50,1.062
2026,30,54,15,28,41,6.750,7.250,388.25,1.064
2026,30,54,15,29,41,7.250,7.250,390.25,1.069
2026,30,54,15,0,42,-7.250,7.750,387.50,1.062
2026,30,54,15,1,42,-6.750,7.750,391.00,1.071
2026,30,54,15,2,42,-6.250,7.750,397.25,1.088
2026,30,54,15,3,42,-5.750,7.750,394.25,1.080
2026,30,54,15,4,42,-5.250,7.750,395.50,1.084
2026,30,54,15,5,42,-4.750,7.750,398.00,1.090
2026,30,54,15,6,42,-4.250,7.750,399.00,1.093
2026,30,54,15,7,42,-3.750,7.750,399.75,1.095
2026,30,54,15,8,42,-3.250,7.750,399.75,1.095
2026,30,54,15,9,42,-2.750,7.750,401.75,1.101
2026,30,54,15,10,42,-2.250,7.750,406.50,1.114
2026,30,54,15,11,42,-1.750,7.750,400.25,1.097
2026,30,54,15,12,42,-1.250,7.750,405.00,1.110
2026,30,54,15,13,42,-0.750,7.750,401.50,1.100
2026,30,54,15,14,42,-0.250,7.750,413.00,1.132
2026,30,54,15,15,42,0.250,7.750,401.75,1.101
2026,30,54,15,16,42,0.750,7.750,406.75,1.114
2026,30,54,15,17,42,1.250,7.750,406.25,1.113
2026,30,54,15,18,42,1.750,7.750,406.75,1.114
2026,30,54,15,19,42,2.250,7.750,400.25,1.097
2026,30,54,15,20,42,2.750,7.750,398.75,1.092
2026,30,54,15,21,42,3.250,7.750,404.25,1.108
2026,30,54,15,22,42,3.750,7.750,405.00,1.110
2026,30,54,15,23,42,4.250,7.750,397.75,1.090
2026,30,54,15,24,42,4.750,7.750,396.50,1.086
2026,30,54,15,25,42,5.250,7.750,396.50,1.086
2026,30,54,15,26,42,5.750,7.750,395.75,1.084
2026,30,54,15,27,42,6.250,7.750,390.50,1.070
2026,30,54,15,28,42,6.750,7.750,390.75,1.071
2026,30,54,15,29,42,7.250,7.750,392.00,1.074
2026,30,54,15,0,43,-7.250,8.250,390.25,1.069
2026,30,54,15,1,43,-6.750,8.250,394.00,1.079
2026,30,54,15,2,43,-6.250,8.250,398.75,1.092
2026,30,54,15,3,43,-5.750,8.250,395.25,1.083
2026,30,54,15,4,43,-5.250,8.250,398.50,1.092
2026,30,54,15,5,43,-4.750,8.250,400.75,1.098
2026,30,54,15,6,43,-4.250,8.250,402.00,1.101
2026,30,54,15,7,43,-3.750,8.250,400.25,1.097
2026,30,54,15,8,43,-3.250,8.250,402.50,1.103
2026,30,54,15,9,43,-2.750,8.250,405.00,1.110
2026,30,54,15,10,43,-2.250,8.250,409.75,1.123
2026,30,54,15,11,43,-1.750,8.250,403.00,1.104
2026,30,54,15,12,43,-1.250,8.250,404.50,1.108
2026,30,54,15,13,43,-0.750,8.250,404.25,1.108
2026,30,54,15,14,43,-0.250,8.250,416.50,1.141
2026,30,54,15,15,43,0.250,8.250,404.50,1.108
2026,30,54,15,16,43,0.750,8.250,404.50,1.108
2026,30,54,15,17,43,1.250,8.250,409.25,1.121
2026,30,54,15,18,43,1.750,8.250,410.00,1.123
2026,30,54,15,19,43,2.250,8.250,403.25,1.105
2026,30,54,15,20,43,2.750,8.250,401.50,1.100
2026,30,54,15,21,43,3.250,8.250,406.00,1.112
2026,30,54,15,22,43,3.750,8.250,408.00,1.118
2026,30,54,15,23,43,4.250,8.250,400.50,1.097
2026,30,54,15,24,43,4.750,8.250,399.50,1.095
2026,30,54,15,25,43,5.250,8.250,397.00,1.088
2026,30,54,15,26,43,5.750,8.250,398.25,1.091
2026,30,54,15,27,43,6.250,8.250,393.75,1.079
2026,30,54,15,28,43,6.750,8.250,393.75,1.079
2026,30,54,15,29,43,7.250,8.250,395.25,1.083
2026,30,54,15,0,44,-7.250,8.750,393.75,1.079
2026,30,54,15,1,44,-6.750,8.750,397.50,1.089
2026,30,54,15,2,44,-6.250,8.750,400.75,1.098
2026,30,54,15,3,44,-5.750,8.750,398.25,1.091
2026,30,54,15,4,44,-5.250,8.750,402.00,1.101
2026,30,54,15,5,44,-4.750,8.750,404.75,1.109
2026,30,54,15,6,44,-4.250,8.750,406.25,1.113
2026,30,54,15,7,44,-3.750,8.750,401.25,1.099
2026,30,54,15,8,44,-3.250,8.750,405.75,1.112
2026,30,54,15,9,44,-2.750,8.750,409.25,1.121
2026,30,54,15,10,44,-2.250,8.750,413.75,1.134
2026,30,54,15,11,44,-1.750,8.750,407.25,1.116
2026,30,54,15,12,44,-1.250,8.750,405.50,1.111
2026,30,54,15,13,44,-0.750,8.750,408.25,1.118
2026,30,54,15,14,44,-0.250,8.750,421.00,1.153
2026,30,54,15,15,44,0.250,8.750,408.50,1.119
2026,30,54,15,16,44,0.750,8.750,403.50,1.105
2026,30,54,15,17,44,1.250,8.750,413.00,1.132
2026,30,54,15,18,44,1.750,8.750,414.00,1.134
2026,30,54,15,19,44,2.250,8.750,407.25,1.116
2026,30,54,15,20,44,2.750,8.750,405.50,1.111
2026,30,54,15,21,44,3.250,8.750,406.25,1.113
2026,30,54,15,22,44,3.750,8.750,412.00,1.129
2026,30,54,15,23,44,4.250,8.750,404.25,1.108
2026,30,54,15,24,44,4.750,8.750,403.25,1.105
2026,30,54,15,25,44,5.250,8.750,400.00,1.096
2026,30,54,15,26,44,5.750,8.750,399.75,1.095
2026,30,54,15,27,44,6.250,8.750,397.25,1.088
2026,30,54,15,28,44,6.750,8.750,397.25,1.088
2026,30,54,15,29,44,7.250,8.750,398.75,1.092
2026,30,54,15,0,45,-7.250,9.250,397.00,1.088
2026,30,54,15,1,45,-6.750,9.250,399.50,1.095
2026,30,54,15,2,45,-6.250,9.250,402.50,1.103
2026,30,54,15,3,45,-5.750,9.250,401.75,1.101
2026,30,54,15,4,45,-5.250,9.250,405.25,1.110
2026,30,54,15,5,45,-4.750,9.250,408.25,1.118
2026,30,54,15,6,45,-4.250,9.250,408.50,1.119
2026,30,54,15,7,45,-3.750,9.250,403.25,1.105
2026,30,54,15,8,45,-3.250,9.250,408.00,1.118
2026,30,54,15,9,45,-2.750,9.250,413.25,1.132
2026,30,54,15,10,45,-2.250,9.250,417.50,1.144
2026,30,54,15,11,45,-1.750,9.250,408.75,1.120
2026,30,54,15,12,45,-1.250,9.250,407.00,1.115
2026,30,54,15,13,45,-0.750,9.250,412.00,1.129
2026,30,54,15,14,45,-0.250,9.250,425.25,1.165
2026,30,54,15,15,45,0.250,9.250,412.00,1.129
2026,30,54,15,16,45,0.750,9.250,407.00,1.115
2026,30,54,15,17,45,1.250,9.250,417.00,1.142
2026,30,54,15,18,45,1.750,9.250,417.75,1.145
2026,30,54,15,19,45,2.250,9.250,411.00,1.126
2026,30,54,15,20,45,2.750,9.250,407.75,1.117
2026,30,54,15,21,45,3.250,9.250,408.50,1.119
2026,30,54,15,22,45,3.750,9.250,415.50,1.138
2026,30,54,15,23,45,4.250,9.250,408.00,1.118
2026,30,54,15,24,45,4.750,9.250,407.00,1.115
2026,30,54,15,25,45,5.250,9.250,403.00,1.104
2026,30,54,15,26,45,5.750,9.250,401.50,1.100
2026,30,54,15,27,45,6.250,9.250,401.00,1.099
2026,30,54,15,28,45,6.750,9.250,401.00,1.099
2026,30,54,15,29,45,7.250,9.250,402.25,1.102
2026,30,54,15,0,46,-7.250,9.750,400.25,1.097
2026,30,54,15,1,46,-6.750,9.750,401.50,1.100
2026,30,54,15,2,46,-6.250,9.750,405.25,1.110
2026,30,54,15,3,46,-5.750,9.750,404.75,1.109
2026,30,54,15,4,46,-5.250,9.750,408.25,1.118
2026,30,54,15,5,46,-4.750,9.750,412.00,1.129
2026,30,54,15,6,46,-4.250,9.750,410.00,1.123
2026,30,54,15,7,46,-3.750,9.750,406.75,1.114
2026,30,54,15,8,46,-3.250,9.750,410.50,1.125
2026,30,54,15,9,46,-2.750,9.750,417.50,1.144
2026,30,54,15,10,46,-2.250,9.750,421.50,1.155
2026,30,54,15,11,46,-1.750,9.750,409.50,1.122
2026,30,54,15,12,46,-1.250,9.750,410.50,1.125
2026,30,54,15,13,46,-0.750,9.750,415.75,1.139
2026,30,54,15,14,46,-0.250,9.750,429.50,1.177
2026,30,54,15,15,46,0.250,9.750,415.75,1.139
2026,30,54,15,16,46,0.750,9.750,410.50,1.125
2026,30,54,15,17,46,1.250,9.750,415.50,1.138
2026,30,54,15,18,46,1.750,9.750,421.50,1.155
2026,30,54,15,19,46,2.250,9.750,414.75,1.136
2026,30,54,15,20,46,2.750,9.750,409.25,1.121
2026,30,54,15,21,46,3.250,9.750,411.50,1.127
2026,30,54,15,22,46,3.750,9.750,417.00,1.142
2026,30,54,15,23,46,4.250,9.750,411.75,1.128
2026,30,54,15,24,46,4.750,9.750,409.75,1.123
2026,30,54,15,25,46,5.250,9.750,406.00,1.112
2026,30,54,15,26,46,5.750,9.750,404.00,1.107
2026,30,54,15,27,46,6.250,9.750,402.00,1.101
2026,30,54,15,28,46,6.750,9.750,404.00,1.107
2026,30,54,15,29,46,7.250,9.750,405.25,1.110
2026,30,54,15,0,47,-7.250,10.250,401.50,1.100
2026,30,54,15,1,47,-6.750,10.250,403.00,1.104
2026,30,54,15,2,47,-6.250,10.250,408.25,1.118
2026,30,54,15,3,47,-5.750,10.250,407.25,1.116
2026,30,54,15,4,47,-5.250,10.250,410.25,1.124
2026,30,54,15,5,47,-4.750,10.250,414.75,1.136
2026,30,54,15,6,47,-4.250,10.250,411.25,1.127
2026,30,54,15,7,47,-3.750,10.250,409.50,1.122
2026,30,54,15,8,47,-3.250,10.250,412.50,1.130
2026,30,54,15,9,47,-2.750,10.250,421.00,1.153
2026,30,54,15,10,47,-2.250,10.250,424.50,1.163
2026,30,54,15,11,47,-1.750,10.250,412.00,1.129
2026,30,54,15,12,47,-1.250,10.250,413.00,1.132
2026,30,54,15,13,47,-0.750,10.250,417.75,1.145
2026,30,54,15,14,47,-0.250,10.250,433.00,1.186
2026,30,54,15,15,47,0.250,10.250,418.50,1.147
2026,30,54,15,16,47,0.750,10.250,413.00,1.132
2026,30,54,15,17,47,1.250,10.250,418.25,1.146
2026,30,54,15,18,47,1.750,10.250,424.50,1.163
2026,30,54,15,19,47,2.250,10.250,417.75,1.145
2026,30,54,15,20,47,2.750,10.250,411.00,1.126
2026,30,54,15,21,47,3.250,10.250,414.50,1.136
2026,30,54,15,22,47,3.750,10.250,417.00,1.142
2026,30,54,15,23,47,4.250,10.250,414.75,1.136
2026,30,54,15,24,47,4.750,10.250,411.75,1.128
2026,30,54,15,25,47,5.250,10.250,408.75,1.120
2026,30,54,15,26,47,5.750,10.250,406.75,1.114
2026,30,54,15,27,47,6.250,10.250,403.25,1.105
2026,30,54,15,28,47,6.750,10.250,406.75,1.114
2026,30,54,15,29,47,7.250,10.250,408.00,1.118
2026,30,54,15,0,48,-7.250,10.750,402.75,1.103
2026,30,54,15,1,48,-6.750,10.750,405.25,1.110
2026,30,54,15,2,48,-6.250,10.750,411.25,1.127
2026,30,54,15,3,48,-5.750,10.750,410.50,1.125
2026,30,54,15,4,48,-5.250,10.750,413.00,1.132
2026,30,54,15,5,48,-4.750,10.750,416.25,1.140
2026,30,54,15,6,48,-4.250,10.750,414.00,1.134
2026,30,54,15,7,48,-3.750,10.750,412.75,1.131
2026,30,54,15,8,48,-3.250,10.750,415.00,1.137
2026,30,54,15,9,48,-2.750,10.750,424.75,1.164
2026,30,54,15,10,48,-2.250,10.750,426.00,1.167
2026,30,54,15,11,48,-1.750,10.750,415.00,1.137
2026,30,54,15,12,48,-1.250,10.750,416.50,1.141
2026,30,54,15,13,48,-0.750,10.750,418.00,1.145
2026,30,54,15,14,48,-0.250,10.750,437.25,1.198
2026,30,54,15,15,48,0.250,10.750,417.75,1.145
2026,30,54,15,16,48,0.750,10.750,416.50,1.141
2026,30,54,15,17,48,1.250,10.750,421.75,1.155
2026,30,54,15,18,48,1.750,10.750,428.25,1.173
2026,30,54,15,19,48,2.250,10.750,421.75,1.155
2026,30,54,15,20,48,2.750,10.750,414.25,1.135
2026,30,54,15,21,48,3.250,10.750,417.75,1.145
2026,30,54,15,22,48,3.750,10.750,420.25,1.151
2026,30,54,15,23,48,4.250,10.750,417.50,1.144
2026,30,54,15,24,48,4.750,10.750,414.75,1.136
2026,30,54,15,25,48,5.250,10.750,412.25,1.129
2026,30,54,15,26,48,5.750,10.750,410.00,1.123
2026,30,54,15,27,48,6.250,10.750,405.50,1.111
2026,30,54,15,28,48,6.750,10.750,407.50,1.116
2026,30,54,15,29,48,7.250,10.750,411.25,1.127
2026,30,54,15,0,49,-7.250,11.250,404.50,1.108
2026,30,54,15,1,49,-6.750,11.250,408.00,1.118
2026,30,54,15,2,49,-6.250,11.250,414.00,1.134
2026,30,54,15,3,49,-5.750,11.250,413.25,1.132
2026,30,54,15,4,49,-5.250,11.250,415.50,1.138
2026,30,54,15,5,49,-4.750,11.250,417.50,1.144
2026,30,54,15,6,49,-4.250,11.250,416.75,1.142
2026,30,54,15,7,49,-3.750,11.250,415.25,1.138
2026,30,54,15,8,49,-3.250,11.250,418.00,1.145
2026,30,54,15,9,49,-2.750,11.250,427.00,1.170
2026,30,54,15,10,49,-2.250,11.250,426.50,1.168
2026,30,54,15,11,49,-1.750,11.250,418.00,1.145
2026,30,54,15,12,49,-1.250,11.250,419.00,1.148
2026,30,54,15,13,49,-0.750,11.250,420.25,1.151
2026,30,54,15,14,49,-0.250,11.250,440.75,1.208
2026,30,54,15,15,49,0.250,11.250,420.75,1.153
2026,30,54,15,16,49,0.750,11.250,419.50,1.149
2026,30,54,15,17,49,1.250,11.250,424.50,1.163
2026,30,54,15,18,49,1.750,11.250,426.75,1.169
2026,30,54,15,19,49,2.250,11.250,425.25,1.165
2026,30,54,15,20,49,2.750,11.250,417.00,1.142
2026,30,54,15,21,49,3.250,11.250,420.50,1.152
2026,30,54,15,22,49,3.750,11.250,423.00,1.159
2026,30,54,15,23,49,4.250,11.250,417.50,1.144
2026,30,54,15,24,49,4.750,11.250,417.25,1.143
2026,30,54,15,25,49,5.250,11.250,415.00,1.137
2026,30,54,15,26,49,5.750,11.250,413.00,1.132
2026,30,54,15,27,49,6.250,11.250,408.25,1.118
2026,30,54,15,28,49,6.750,11.250,408.25,1.118
2026,30,54,15,29,49,7.250,11.250,413.75,1.134
2026,30,54,15,0,50,-7.250,11.750,406.00,1.112
2026,30,54,15,1,50,-6.750,11.750,411.00,1.126
2026,30,54,15,2,50,-6.250,11.750,416.75,1.142
2026,30,54,15,3,50,-5.750,11.750,416.00,1.140
2026,30,54,15,4,50,-5.250,11.750,417.25,1.143
2026,30,54,15,5,50,-4.750,11.750,419.00,1.148
2026,30,54,15,6,50,-4.250,11.750,419.50,1.149
2026,30,54,15,7,50,-3.750,11.750,418.00,1.145
2026,30,54,15,8,50,-3.250,11.750,420.75,1.153
2026,30,54,15,9,50,-2.750,11.750,429.00,1.175
2026,30,54,15,10,50,-2.250,11.750,429.00,1.175
2026,30,54,15,11,50,-1.750,11.750,420.50,1.152
2026,30,54,15,12,50,-1.250,11.750,421.75,1.155
2026,30,54,15,13,50,-0.750,11.750,423.25,1.160
2026,30,54,15,14,50,-0.250,11.750,444.25,1.217
2026,30,54,15,15,50,0.250,11.750,423.50,1.160
2026,30,54,15,16,50,0.750,11.750,422.00,1.156
2026,30,54,15,17,50,1.250,11.750,427.00,1.170
2026,30,54,15,18,50,1.750,11.750,429.50,1.177
2026,30,54,15,19,50,2.250,11.750,426.25,1.168
2026,30,54,15,20,50,2.750,11.750,419.50,1.149
2026,30,54,15,21,50,3.250,11.750,423.25,1.160
2026,30,54,15,22,50,3.750,11.750,426.00,1.167
2026,30,54,15,23,50,4.250,11.750,419.25,1.149
2026,30,54,15,24,50,4.750,11.750,419.75,1.150
2026,30,54,15,25,50,5.250,11.750,417.75,1.145
2026,30,54,15,26,50,5.750,11.750,415.75,1.139
2026,30,54,15,27,50,6.250,11.750,411.00,1.126
2026,30,54,15,28,50,6.750,11.750,410.00,1.123
2026,30,54,15,29,50,7.250,11.750,414.75,1.136
2026,30,54,15,0,51,-7.250,12.250,408.00,1.118
2026,30,54,15,1,51,-6.750,12.250,413.25,1.132
2026,30,54,15,2,51,-6.250,12.250,419.25,1.149
2026,30,54,15,3,51,-5.750,12.250,418.50,1.147
2026,30,54,15,4,51,-5.250,12.250,417.75,1.145
2026,30,54,15,5,51,-4.750,12.250,420.75,1.153
2026,30,54,15,6,51,-4.250,12.250,422.25,1.157
2026,30,54,15,7,51,-3.750,12.250,420.50,1.152
2026,30,54,15,8,51,-3.250,12.250,423.25,1.160
2026,30,54,15,9,51,-2.750,12.250,429.00,1.175
2026,30,54,15,10,51,-2.250,12.250,431.50,1.182
2026,30,54,15,11,51,-1.750,12.250,423.25,1.160
2026,30,54,15,12,51,-1.250,12.250,424.50,1.163
2026,30,54,15,13,51,-0.750,12.250,426.00,1.167
2026,30,54,15,14,51,-0.250,12.250,442.25,1.212
2026,30,54,15,15,51,0.250,12.250,426.25,1.168
2026,30,54,15,16,51,0.750,12.250,424.50,1.163
2026,30,54,15,17,51,1.250,12.250,429.75,1.177
2026,30,54,15,18,51,1.750,12.250,432.25,1.184
2026,30,54,15,19,51,2.250,12.250,427.75,1.172
2026,30,54,15,20,51,2.750,12.250,422.50,1.158
2026,30,54,15,21,51,3.250,12.250,426.00,1.167
2026,30,54,15,22,51,3.750,12.250,428.75,1.175
2026,30,54,15,23,51,4.250,12.250,422.00,1.156
2026,30,54,15,24,51,4.750,12.250,420.50,1.152
2026,30,54,15,25,51,5.250,12.250,420.75,1.153
2026,30,54,15,26,51,5.750,12.250,418.50,1.147
2026,30,54,15,27,51,6.250,12.250,413.75,1.134
2026,30,54,15,28,51,6.750,12.250,412.25,1.129
2026,30,54,15,29,51,7.250,12.250,415.75,1.139
2026,30,54,15,0,52,-7.250,12.750,410.50,1.125
2026,30,54,15,1,52,-6.750,12.750,416.00,1.140
2026,30,54,15,2,52,-6.250,12.750,422.00,1.156
2026,30,54,15,3,52,-5.750,12.750,421.50,1.155
2026,30,54,15,4,52,-5.250,12.750,418.50,1.147
2026,30,54,15,5,52,-4.750,12.750,423.25,1.160
2026,30,54,15,6,52,-4.250,12.750,425.00,1.164
2026,30,54,15,7,52,-3.750,12.750,423.50,1.160
2026,30,54,15,8,52,-3.250,12.750,426.25,1.168
2026,30,54,15,9,52,-2.750,12.750,429.25,1.176
2026,30,54,15,10,52,-2.250,12.750,434.50,1.190
2026,30,54,15,11,52,-1.750,12.750,425.50,1.166
2026,30,54,15,12,52,-1.250,12.750,426.75,1.169
2026,30,54,15,13,52,-0.750,12.750,428.50,1.174
2026,30,54,15,14,52,-0.250,12.750,441.25,1.209
2026,30,54,15,15,52,0.250,12.750,428.75,1.175
2026,30,54,15,16,52,0.750,12.750,426.50,1.168
2026,30,54,15,17,52,1.250,12.750,431.75,1.183
2026,30,54,15,18,52,1.750,12.750,434.50,1.190
2026,30,54,15,19,52,2.250,12.750,426.00,1.167
2026,30,54,15,20,52,2.750,12.750,425.00,1.164
2026,30,54,15,21,52,3.250,12.750,428.25,1.173
2026,30,54,15,22,52,3.750,12.750,431.00,1.181
2026,30,54,15,23,52,4.250,12.750,424.25,1.162
2026,30,54,15,24,52,4.750,12.750,420.25,1.151
2026,30,54,15,25,52,5.250,12.750,423.25,1.160
2026,30,54,15,26,52,5.750,12.750,420.75,1.153
2026,30,54,15,27,52,6.250,12.750,415.75,1.139
2026,30,54,15,28,52,6.750,12.750,414.00,1.134
2026,30,54,15,29,52,7.250,12.750,416.25,1.140
2026,30,54,15,0,53,-7.250,13.250,413.25,1.132
2026,30,54,15,1,53,-6.750,13.250,418.75,1.147
2026,30,54,15,2,53,-6.250,13.250,425.00,1.164
2026,30,54,15,3,53,-5.750,13.250,423.25,1.160
2026,30,54,15,4,53,-5.250,13.250,420.75,1.153
2026,30,54,15,5,53,-4.750,13.250,425.25,1.165
2026,30,54,15,6,53,-4.250,13.250,427.75,1.172
2026,30,54,15,7,53,-3.750,13.250,426.25,1.168
2026,30,54,15,8,53,-3.250,13.250,429.25,1.176
2026,30,54,15,9,53,-2.750,13.250,431.00,1.181
2026,30,54,15,10,53,-2.250,13.250,437.25,1.198
2026,30,54,15,11,53,-1.750,13.250,428.50,1.174
2026,30,54,15,12,53,-1.250,13.250,429.50,1.177
2026,30,54,15,13,53,-0.750,13.250,431.50,1.182
2026,30,54,15,14,53,-0.250,13.250,444.25,1.217
2026,30,54,15,15,53,0.250,13.250,431.75,1.183
2026,30,54,15,16,53,0.750,13.250,429.50,1.177
2026,30,54,15,17,53,1.250,13.250,434.50,1.190
2026,30,54,15,18,53,1.750,13.250,437.25,1.198
2026,30,54,15,19,53,2.250,13.250,429.00,1.175
2026,30,54,15,20,53,2.750,13.250,428.00,1.173
2026,30,54,15,21,53,3.250,13.250,431.00,1.181
2026,30,54,15,22,53,3.750,13.250,433.75,1.188
2026,30,54,15,23,53,4.250,13.250,426.00,1.167
2026,30,54,15,24,53,4.750,13.250,422.75,1.158
2026,30,54,15,25,53,5.250,13.250,426.00,1.167
2026,30,54,15,26,53,5.750,13.250,423.50,1.160
2026,30,54,15,27,53,6.250,13.250,418.50,1.147
2026,30,54,15,28,53,6.750,13.250,416.25,1.140
2026,30,54,15,29,53,7.250,13.250,419.00,1.148
